"uzemi_txt","b1","b2","b3","b4","b5","b6","b7","b8","b9","b10","b11","b12","pocet_bodovanych_ridicu","celkovy_pocet_ridicu","pohlavi_txt","uzemi_typ","stav_k_datu"
"Hlavní město Praha",1964,12496,2186,14084,748,5519,1368,1356,301,679,341,3614,44656,919773,"celkem","kraj","2025_06"
"Blatná",10,135,24,94,3,59,14,8,1,7,1,54,410,10514,"celkem","správní obvod obce s rozšířenou působností","2025_06"
"České Budějovice",300,2638,294,1898,92,804,173,182,51,78,47,481,7038,113711,"celkem","správní obvod obce s rozšířenou působností","2025_06"
"Český Krumlov",37,437,113,336,17,165,41,28,11,14,14,218,1431,27279,"celkem","správní obvod obce s rozšířenou působností","2025_06"
"Dačice",22,123,34,147,9,69,28,8,5,3,1,56,505,12703,"celkem","správní obvod obce s rozšířenou působností","2025_06"
"Jindřichův Hradec",95,780,94,397,33,210,63,29,14,16,12,227,1970,33039,"celkem","správní obvod obce s rozšířenou působností","2025_06"
"Kaplice",28,139,65,176,10,93,31,10,6,11,5,116,690,13102,"celkem","správní obvod obce s rozšířenou působností","2025_06"
"Milevsko",23,210,31,186,8,57,19,10,1,7,5,53,610,12689,"celkem","správní obvod obce s rozšířenou působností","2025_06"
"Písek",85,755,110,536,33,242,52,50,17,23,16,157,2076,35784,"celkem","správní obvod obce s rozšířenou působností","2025_06"
"Prachatice",45,363,77,300,14,140,46,22,10,15,17,157,1206,23001,"celkem","správní obvod obce s rozšířenou působností","2025_06"
"Soběslav",35,293,33,205,10,109,26,21,10,9,5,65,821,15035,"celkem","správní obvod obce s rozšířenou působností","2025_06"
"Strakonice",69,466,104,337,26,144,37,31,7,15,14,148,1398,30666,"celkem","správní obvod obce s rozšířenou působností","2025_06"
"Tábor",58,1016,134,868,26,281,102,68,18,46,20,219,2856,54581,"celkem","správní obvod obce s rozšířenou působností","2025_06"
"Trhové Sviny",23,264,39,183,8,77,24,12,4,10,1,86,731,13418,"celkem","správní obvod obce s rozšířenou působností","2025_06"
"Třeboň",39,432,73,298,22,119,27,26,12,15,11,98,1172,16988,"celkem","správní obvod obce s rozšířenou působností","2025_06"
"Týn nad Vltavou",11,251,28,162,7,54,11,14,1,8,4,72,623,9626,"celkem","správní obvod obce s rozšířenou působností","2025_06"
"Vimperk",29,155,30,176,11,83,32,15,4,7,6,71,619,11918,"celkem","správní obvod obce s rozšířenou působností","2025_06"
"Vodňany",18,139,26,102,5,59,12,13,3,10,3,38,428,8069,"celkem","správní obvod obce s rozšířenou působností","2025_06"
"Jihočeský kraj",927,8596,1309,6401,334,2765,738,547,175,294,182,2316,24584,442123,"celkem","kraj","2025_06"
"Blansko",64,494,94,431,13,165,56,36,14,19,18,116,1520,36734,"celkem","správní obvod obce s rozšířenou působností","2025_06"
"Boskovice",52,605,91,470,27,213,53,54,10,18,10,132,1735,33963,"celkem","správní obvod obce s rozšířenou působností","2025_06"
"Brno",629,3821,627,4198,183,1683,423,392,90,194,98,1098,13436,239069,"celkem","správní obvod obce s rozšířenou působností","2025_06"
"Břeclav",67,873,140,1337,36,348,84,86,14,35,17,172,3209,39414,"celkem","správní obvod obce s rozšířenou působností","2025_06"
"Bučovice",20,188,31,195,11,63,18,21,4,13,4,39,607,10682,"celkem","správní obvod obce s rozšířenou působností","2025_06"
"Hodonín",50,693,100,570,30,251,71,60,12,27,14,199,2077,39637,"celkem","správní obvod obce s rozšířenou působností","2025_06"
"Hustopeče",29,519,57,645,22,173,45,52,10,27,8,113,1700,24216,"celkem","správní obvod obce s rozšířenou působností","2025_06"
"Ivančice",17,182,40,208,7,90,29,22,6,10,10,78,699,16288,"celkem","správní obvod obce s rozšířenou působností","2025_06"
"Kuřim",32,204,43,205,9,59,19,17,4,12,8,62,674,15101,"celkem","správní obvod obce s rozšířenou působností","2025_06"
"Kyjov",46,537,77,509,22,254,49,29,10,30,15,135,1713,36718,"celkem","správní obvod obce s rozšířenou působností","2025_06"
"Mikulov",16,305,53,314,11,98,35,26,6,14,6,82,966,13146,"celkem","správní obvod obce s rozšířenou působností","2025_06"
"Moravský Krumlov",29,224,42,171,14,66,36,19,6,7,5,70,689,15301,"celkem","správní obvod obce s rozšířenou působností","2025_06"
"Pohořelice",20,292,31,305,9,92,19,21,6,10,8,55,868,9680,"celkem","správní obvod obce s rozšířenou působností","2025_06"
"Rosice",41,493,63,574,17,306,32,49,7,23,7,113,1725,17365,"celkem","správní obvod obce s rozšířenou působností","2025_06"
"Slavkov u Brna",26,238,52,263,8,105,24,23,3,9,4,59,814,15958,"celkem","správní obvod obce s rozšířenou působností","2025_06"
"Šlapanice",123,984,133,1053,45,456,56,82,12,44,4,136,3128,46560,"celkem","správní obvod obce s rozšířenou působností","2025_06"
"Tišnov",30,314,67,244,6,79,30,24,4,8,4,61,871,21209,"celkem","správní obvod obce s rozšířenou působností","2025_06"
"Veselí nad Moravou",50,424,65,336,20,180,53,39,12,14,8,106,1307,24950,"celkem","správní obvod obce s rozšířenou působností","2025_06"
"Vyškov",61,924,95,891,34,261,70,74,16,32,13,134,2605,34151,"celkem","správní obvod obce s rozšířenou působností","2025_06"
"Znojmo",90,1114,209,848,42,363,96,76,18,40,33,270,3199,60974,"celkem","správní obvod obce s rozšířenou působností","2025_06"
"Židlochovice",56,571,66,491,16,313,39,31,7,22,10,83,1705,21260,"celkem","správní obvod obce s rozšířenou působností","2025_06"
"Jihomoravský kraj",1548,13999,2176,14258,582,5618,1337,1233,271,608,304,3313,45247,772376,"celkem","kraj","2025_06"
"Aš",8,173,33,129,3,72,29,16,3,10,6,107,589,10442,"celkem","správní obvod obce s rozšířenou působností","2025_06"
"Cheb",66,709,114,488,27,247,67,49,5,32,36,244,2084,31599,"celkem","správní obvod obce s rozšířenou působností","2025_06"
"Karlovy Vary",119,1111,181,1099,70,418,96,115,17,61,26,418,3731,57219,"celkem","správní obvod obce s rozšířenou působností","2025_06"
"Kraslice",17,220,31,125,11,59,15,6,4,5,7,93,593,7776,"celkem","správní obvod obce s rozšířenou působností","2025_06"
"Mariánské Lázně",24,261,58,242,8,100,43,23,5,11,14,119,908,15591,"celkem","správní obvod obce s rozšířenou působností","2025_06"
"Ostrov",35,365,73,297,15,124,26,39,2,11,13,121,1121,17575,"celkem","správní obvod obce s rozšířenou působností","2025_06"
"Sokolov",77,992,145,882,39,278,95,103,19,45,32,553,3260,46656,"celkem","správní obvod obce s rozšířenou působností","2025_06"
"Karlovarský kraj",346,3831,635,3262,173,1298,371,351,55,175,134,1655,12286,186858,"celkem","kraj","2025_06"
"Bystřice nad Pernštejnem",16,213,27,123,3,94,31,7,5,5,3,34,561,13442,"celkem","správní obvod obce s rozšířenou působností","2025_06"
"Havlíčkův Brod",91,1112,91,762,31,334,43,58,13,37,8,138,2718,35686,"celkem","správní obvod obce s rozšířenou působností","2025_06"
"Humpolec",37,510,47,385,20,239,19,31,7,23,1,48,1367,12450,"celkem","správní obvod obce s rozšířenou působností","2025_06"
"Chotěboř",31,331,29,156,10,78,28,10,3,6,3,60,745,14813,"celkem","správní obvod obce s rozšířenou působností","2025_06"
"Jihlava",135,1369,202,1528,55,861,92,103,23,72,22,230,4692,65338,"celkem","správní obvod obce s rozšířenou působností","2025_06"
"Moravské Budějovice",40,304,71,281,15,118,56,17,6,10,6,68,992,15914,"celkem","správní obvod obce s rozšířenou působností","2025_06"
"Náměšť nad Oslavou",14,119,19,97,7,29,5,4,3,4,2,38,341,9504,"celkem","správní obvod obce s rozšířenou působností","2025_06"
"Nové Město na Moravě",14,196,17,154,5,59,8,5,1,2,4,29,494,13198,"celkem","správní obvod obce s rozšířenou působností","2025_06"
"Pacov",14,96,12,86,5,32,7,5,2,4,4,23,290,6368,"celkem","správní obvod obce s rozšířenou působností","2025_06"
"Pelhřimov",60,565,87,428,23,188,35,32,11,15,8,128,1580,30671,"celkem","správní obvod obce s rozšířenou působností","2025_06"
"Světlá nad Sázavou",17,351,28,139,8,60,11,13,6,7,4,54,698,13284,"celkem","správní obvod obce s rozšířenou působností","2025_06"
"Telč",18,109,23,86,4,43,20,6,2,4,1,45,361,8929,"celkem","správní obvod obce s rozšířenou působností","2025_06"
"Třebíč",110,869,129,713,31,278,63,54,21,34,18,138,2458,51120,"celkem","správní obvod obce s rozšířenou působností","2025_06"
"Velké Meziříčí",65,1043,83,909,27,540,55,57,8,48,6,97,2938,25191,"celkem","správní obvod obce s rozšířenou působností","2025_06"
"Žďár nad Sázavou",46,600,62,284,17,148,36,23,9,11,12,69,1317,28588,"celkem","správní obvod obce s rozšířenou působností","2025_06"
"Kraj Vysočina",708,7787,927,6131,261,3101,509,425,120,282,102,1199,21552,344496,"celkem","kraj","2025_06"
"Broumov",14,474,54,210,8,70,35,15,7,11,10,91,999,9489,"celkem","správní obvod obce s rozšířenou působností","2025_06"
"Dobruška",17,235,42,157,5,57,28,14,5,13,4,45,622,13823,"celkem","správní obvod obce s rozšířenou působností","2025_06"
"Dvůr Králové nad Labem",45,471,59,363,18,139,38,39,8,12,6,117,1315,18473,"celkem","správní obvod obce s rozšířenou působností","2025_06"
"Hořice",24,248,41,236,7,113,19,25,7,11,6,58,795,12551,"celkem","správní obvod obce s rozšířenou působností","2025_06"
"Hradec Králové",238,2206,301,1977,102,718,168,190,43,84,49,411,6487,98794,"celkem","správní obvod obce s rozšířenou působností","2025_06"
"Jaroměř",41,368,64,395,18,123,29,35,7,10,6,69,1165,12377,"celkem","správní obvod obce s rozšířenou působností","2025_06"
"Jičín",53,552,100,773,25,216,45,55,16,30,14,170,2049,33001,"celkem","správní obvod obce s rozšířenou působností","2025_06"
"Kostelec nad Orlicí",26,311,55,270,11,98,25,17,3,6,4,85,911,17004,"celkem","správní obvod obce s rozšířenou působností","2025_06"
"Náchod",89,837,135,659,45,260,80,65,8,24,18,215,2435,40128,"celkem","správní obvod obce s rozšířenou působností","2025_06"
"Nová Paka",9,142,25,134,11,41,6,6,2,1,4,31,412,8900,"celkem","správní obvod obce s rozšířenou působností","2025_06"
"Nové Město nad Metují",18,138,40,128,5,48,17,8,7,2,3,36,450,9756,"celkem","správní obvod obce s rozšířenou působností","2025_06"
"Nový Bydžov",30,207,43,240,15,95,19,32,4,17,11,87,800,12109,"celkem","správní obvod obce s rozšířenou působností","2025_06"
"Rychnov nad Kněžnou",22,266,67,292,19,126,39,20,7,11,9,101,979,23003,"celkem","správní obvod obce s rozšířenou působností","2025_06"
"Trutnov",119,1298,143,853,49,304,80,85,29,40,28,310,3338,40912,"celkem","správní obvod obce s rozšířenou působností","2025_06"
"Vrchlabí",38,571,69,328,14,150,27,45,8,11,12,143,1416,17801,"celkem","správní obvod obce s rozšířenou působností","2025_06"
"Královéhradecký kraj",783,8324,1238,7015,352,2558,655,651,161,283,184,1969,24173,368121,"celkem","kraj","2025_06"
"Česká Lípa",130,915,177,715,43,398,118,60,23,44,26,479,3128,45725,"celkem","správní obvod obce s rozšířenou působností","2025_06"
"Frýdlant",31,174,64,249,13,101,40,20,5,16,10,152,875,14524,"celkem","správní obvod obce s rozšířenou působností","2025_06"
"Jablonec nad Nisou",86,720,125,580,40,271,79,82,15,33,21,328,2380,36070,"celkem","správní obvod obce s rozšířenou působností","2025_06"
"Jilemnice",28,273,49,233,10,102,25,25,6,11,9,80,851,15011,"celkem","správní obvod obce s rozšířenou působností","2025_06"
"Liberec",197,1430,303,1507,87,557,157,151,46,83,43,652,5213,91152,"celkem","správní obvod obce s rozšířenou působností","2025_06"
"Nový Bor",42,316,80,266,15,136,32,32,13,10,8,147,1097,16678,"celkem","správní obvod obce s rozšířenou působností","2025_06"
"Semily",26,296,53,243,14,97,27,17,5,12,8,95,893,17027,"celkem","správní obvod obce s rozšířenou působností","2025_06"
"Tanvald",46,245,54,268,12,111,28,26,11,15,6,156,978,12452,"celkem","správní obvod obce s rozšířenou působností","2025_06"
"Turnov",41,311,65,387,15,114,36,32,4,13,9,111,1138,22979,"celkem","správní obvod obce s rozšířenou působností","2025_06"
"Železný Brod",24,175,25,107,7,56,10,9,6,3,5,37,464,8102,"celkem","správní obvod obce s rozšířenou působností","2025_06"
"Liberecký kraj",651,4855,995,4555,256,1943,552,454,134,240,145,2237,17017,279720,"celkem","kraj","2025_06"
"Bílovec",43,411,64,450,14,181,38,46,5,20,11,81,1364,16320,"celkem","správní obvod obce s rozšířenou působností","2025_06"
"Bohumín",69,480,98,633,28,205,63,80,13,29,15,202,1915,20248,"celkem","správní obvod obce s rozšířenou působností","2025_06"
"Bruntál",60,605,94,655,49,249,56,65,11,33,19,152,2048,20919,"celkem","správní obvod obce s rozšířenou působností","2025_06"
"Český Těšín",47,302,91,585,21,209,68,52,6,24,10,85,1500,15493,"celkem","správní obvod obce s rozšířenou působností","2025_06"
"Frenštát pod Radhoštěm",33,260,32,254,19,75,21,34,4,8,6,56,802,12600,"celkem","správní obvod obce s rozšířenou působností","2025_06"
"Frýdek-Místek",240,1250,260,2150,122,610,155,199,46,80,39,446,5597,73581,"celkem","správní obvod obce s rozšířenou působností","2025_06"
"Frýdlant nad Ostravicí",52,361,74,499,31,168,33,49,10,18,8,99,1402,17330,"celkem","správní obvod obce s rozšířenou působností","2025_06"
"Havířov",166,910,190,1217,78,434,124,162,40,73,38,450,3882,50019,"celkem","správní obvod obce s rozšířenou působností","2025_06"
"Hlučín",60,566,91,721,44,197,59,60,15,21,16,117,1967,26254,"celkem","správní obvod obce s rozšířenou působností","2025_06"
"Jablunkov",28,207,64,377,14,122,39,32,6,19,9,46,963,14644,"celkem","správní obvod obce s rozšířenou působností","2025_06"
"Karviná",129,638,139,977,53,338,100,118,29,55,37,343,2956,35410,"celkem","správní obvod obce s rozšířenou působností","2025_06"
"Kopřivnice",64,497,91,669,30,185,47,54,12,25,11,108,1793,25606,"celkem","správní obvod obce s rozšířenou působností","2025_06"
"Kravaře",40,318,44,329,18,90,38,25,7,9,9,67,994,14051,"celkem","správní obvod obce s rozšířenou působností","2025_06"
"Krnov",86,804,130,737,51,248,68,85,13,36,13,165,2436,23486,"celkem","správní obvod obce s rozšířenou působností","2025_06"
"Nový Jičín",122,636,141,919,44,265,62,81,34,38,16,174,2532,31364,"celkem","správní obvod obce s rozšířenou působností","2025_06"
"Odry",37,254,46,592,14,127,25,45,9,24,5,98,1276,10462,"celkem","správní obvod obce s rozšířenou působností","2025_06"
"Opava",156,1766,208,1653,84,504,115,162,36,71,21,254,5030,65348,"celkem","správní obvod obce s rozšířenou působností","2025_06"
"Orlová",77,482,108,643,51,203,57,88,18,34,20,231,2012,21217,"celkem","správní obvod obce s rozšířenou působností","2025_06"
"Ostrava",645,4905,710,6496,313,1830,444,675,127,241,140,1377,17903,186280,"celkem","správní obvod obce s rozšířenou působností","2025_06"
"Rýmařov",27,190,59,188,14,63,28,15,7,5,1,65,662,8876,"celkem","správní obvod obce s rozšířenou působností","2025_06"
"Třinec",66,613,162,942,40,264,60,72,17,36,17,116,2405,34661,"celkem","správní obvod obce s rozšířenou působností","2025_06"
"Vítkov",19,160,39,212,13,79,21,26,9,8,11,66,663,7906,"celkem","správní obvod obce s rozšířenou působností","2025_06"
"Moravskoslezský kraj",2266,16615,2935,21898,1145,6646,1721,2225,474,907,472,4798,62102,732075,"celkem","kraj","2025_06"
"Hranice",60,537,89,608,34,168,31,42,10,21,10,94,1704,22364,"celkem","správní obvod obce s rozšířenou působností","2025_06"
"Jeseník",66,788,172,582,45,299,60,57,21,29,14,137,2270,22764,"celkem","správní obvod obce s rozšířenou působností","2025_06"
"Konice",9,159,27,102,6,62,19,12,2,2,3,35,438,7901,"celkem","správní obvod obce s rozšířenou působností","2025_06"
"Lipník nad Bečvou",22,242,53,211,9,72,18,15,6,8,6,60,722,10025,"celkem","správní obvod obce s rozšířenou působností","2025_06"
"Litovel",18,209,49,180,5,89,21,18,4,10,4,75,682,15274,"celkem","správní obvod obce s rozšířenou působností","2025_06"
"Mohelnice",13,140,44,133,8,64,31,8,1,2,6,62,512,11947,"celkem","správní obvod obce s rozšířenou působností","2025_06"
"Olomouc",227,1668,359,1943,97,765,142,176,50,89,34,423,5973,106686,"celkem","správní obvod obce s rozšířenou působností","2025_06"
"Prostějov",154,1688,238,1119,58,398,104,119,25,39,34,359,4335,62986,"celkem","správní obvod obce s rozšířenou působností","2025_06"
"Přerov",93,961,186,743,50,358,87,64,21,58,28,309,2958,49096,"celkem","správní obvod obce s rozšířenou působností","2025_06"
"Šternberk",24,229,62,225,13,97,35,21,5,10,12,118,851,14839,"celkem","správní obvod obce s rozšířenou působností","2025_06"
"Šumperk",94,1159,202,657,39,343,96,63,22,44,36,215,2970,42723,"celkem","správní obvod obce s rozšířenou působností","2025_06"
"Uničov",26,195,52,176,12,79,26,19,7,14,5,76,687,14063,"celkem","správní obvod obce s rozšířenou působností","2025_06"
"Zábřeh",29,404,83,313,20,139,40,33,8,15,6,86,1176,20722,"celkem","správní obvod obce s rozšířenou působností","2025_06"
"Olomoucký kraj",835,8379,1616,6992,396,2933,710,647,182,341,198,2049,25278,401390,"celkem","kraj","2025_06"
"Česká Třebová",19,129,50,212,7,59,27,24,12,4,5,57,605,11128,"celkem","správní obvod obce s rozšířenou působností","2025_06"
"Hlinsko",35,328,60,315,22,126,27,22,5,11,3,48,1002,14092,"celkem","správní obvod obce s rozšířenou působností","2025_06"
"Holice",37,343,34,339,19,93,30,40,6,22,5,43,1011,12387,"celkem","správní obvod obce s rozšířenou působností","2025_06"
"Chrudim",130,1250,185,1208,62,454,109,110,39,52,34,257,3890,56919,"celkem","správní obvod obce s rozšířenou působností","2025_06"
"Králíky",13,122,22,109,4,48,10,11,5,9,4,38,395,5314,"celkem","správní obvod obce s rozšířenou působností","2025_06"
"Lanškroun",24,206,31,223,10,91,33,16,4,6,9,97,750,14844,"celkem","správní obvod obce s rozšířenou působností","2025_06"
"Litomyšl",26,284,38,301,12,108,33,34,3,11,6,62,918,18388,"celkem","správní obvod obce s rozšířenou působností","2025_06"
"Moravská Třebová",27,314,57,279,17,134,27,26,11,12,9,116,1029,16057,"celkem","správní obvod obce s rozšířenou působností","2025_06"
"Pardubice",197,2031,266,1729,95,699,157,191,43,83,43,343,5877,86459,"celkem","správní obvod obce s rozšířenou působností","2025_06"
"Polička",22,193,38,159,16,74,26,10,7,7,3,42,597,12870,"celkem","správní obvod obce s rozšířenou působností","2025_06"
"Přelouč",31,345,50,291,18,137,32,34,6,15,8,97,1064,17394,"celkem","správní obvod obce s rozšířenou působností","2025_06"
"Svitavy",35,344,67,345,16,143,38,42,7,17,7,101,1162,19211,"celkem","správní obvod obce s rozšířenou působností","2025_06"
"Ústí nad Orlicí",43,238,52,312,19,111,44,35,12,8,8,12,894,17564,"celkem","správní obvod obce s rozšířenou působností","2025_06"
"Vysoké Mýto",54,443,66,411,21,158,45,45,13,18,14,99,1387,21341,"celkem","správní obvod obce s rozšířenou působností","2025_06"
"Žamberk",49,350,66,354,23,122,41,27,7,13,12,54,1118,19856,"celkem","správní obvod obce s rozšířenou působností","2025_06"
"Pardubický kraj",742,6920,1082,6587,361,2557,679,667,180,288,170,1466,21699,343824,"celkem","kraj","2025_06"
"Blovice",13,184,24,109,8,30,12,12,2,5,4,37,440,8779,"celkem","správní obvod obce s rozšířenou působností","2025_06"
"Domažlice",44,359,89,473,17,189,71,42,15,35,17,109,1460,27986,"celkem","správní obvod obce s rozšířenou působností","2025_06"
"Horažďovice",11,115,22,86,2,50,9,9,3,3,2,44,356,7934,"celkem","správní obvod obce s rozšířenou působností","2025_06"
"Horšovský Týn",22,154,34,203,5,95,16,21,5,7,3,71,636,10130,"celkem","správní obvod obce s rozšířenou působností","2025_06"
"Klatovy",58,676,92,463,34,218,52,37,15,18,12,138,1813,35362,"celkem","správní obvod obce s rozšířenou působností","2025_06"
"Kralovice",30,338,36,223,19,97,13,21,6,9,8,88,888,17604,"celkem","správní obvod obce s rozšířenou působností","2025_06"
"Nepomuk",24,161,32,108,4,41,15,9,4,5,3,54,460,8505,"celkem","správní obvod obce s rozšířenou působností","2025_06"
"Nýřany",66,1140,117,766,36,295,56,66,12,25,21,230,2830,40650,"celkem","správní obvod obce s rozšířenou působností","2025_06"
"Plzeň",268,3160,342,2105,116,836,223,219,67,125,73,668,8202,125992,"celkem","správní obvod obce s rozšířenou působností","2025_06"
"Přeštice",30,304,53,242,11,95,23,25,6,8,2,84,883,18541,"celkem","správní obvod obce s rozšířenou působností","2025_06"
"Rokycany",83,1261,105,848,34,301,67,87,11,28,14,136,2975,34632,"celkem","správní obvod obce s rozšířenou působností","2025_06"
"Stod",25,337,35,259,6,97,31,30,6,9,8,101,944,15393,"celkem","správní obvod obce s rozšířenou působností","2025_06"
"Stříbro",28,283,49,266,10,108,35,19,2,21,9,140,970,13582,"celkem","správní obvod obce s rozšířenou působností","2025_06"
"Sušice",22,358,37,223,6,105,21,16,2,13,3,86,892,16314,"celkem","správní obvod obce s rozšířenou působností","2025_06"
"Tachov",74,566,106,651,38,214,89,76,14,26,19,179,2052,23770,"celkem","správní obvod obce s rozšířenou působností","2025_06"
"Plzeňský kraj",798,9396,1173,7025,346,2771,733,689,170,337,198,2165,25801,405174,"celkem","kraj","2025_06"
"Benešov",53,546,100,675,26,277,52,45,11,18,8,185,1996,41947,"celkem","správní obvod obce s rozšířenou působností","2025_06"
"Beroun",83,1247,160,833,32,463,80,86,12,39,14,257,3306,45039,"celkem","správní obvod obce s rozšířenou působností","2025_06"
"Brandýs nad Labem-Stará Boleslav",143,1610,238,1525,61,691,137,133,44,84,38,280,4984,78442,"celkem","správní obvod obce s rozšířenou působností","2025_06"
"Čáslav",37,420,48,238,14,110,22,29,7,9,3,92,1029,17518,"celkem","správní obvod obce s rozšířenou působností","2025_06"
"Černošice",206,1930,273,1932,83,846,158,168,28,62,46,304,6036,105841,"celkem","správní obvod obce s rozšířenou působností","2025_06"
"Český Brod",28,206,41,210,15,92,25,18,3,9,9,121,777,13359,"celkem","správní obvod obce s rozšířenou působností","2025_06"
"Dobříš",26,207,41,262,9,88,14,21,6,15,5,87,781,16122,"celkem","správní obvod obce s rozšířenou působností","2025_06"
"Hořovice",35,660,61,384,17,180,41,54,15,19,11,115,1592,21350,"celkem","správní obvod obce s rozšířenou působností","2025_06"
"Kladno",106,1204,234,1125,46,468,142,117,35,61,31,632,4201,79919,"celkem","správní obvod obce s rozšířenou působností","2025_06"
"Kolín",76,1003,132,802,46,346,74,74,21,38,32,396,3040,55074,"celkem","správní obvod obce s rozšířenou působností","2025_06"
"Kralupy nad Vltavou",40,542,62,402,22,181,29,36,9,17,16,122,1478,21135,"celkem","správní obvod obce s rozšířenou působností","2025_06"
"Kutná Hora",82,703,101,491,34,206,56,41,19,17,13,172,1935,34525,"celkem","správní obvod obce s rozšířenou působností","2025_06"
"Lysá nad Labem",31,396,80,353,18,211,63,30,14,26,11,130,1363,19167,"celkem","správní obvod obce s rozšířenou působností","2025_06"
"Mělník",53,549,83,490,19,227,61,51,15,35,9,189,1781,31893,"celkem","správní obvod obce s rozšířenou působností","2025_06"
"Mladá Boleslav",115,1026,287,1211,33,580,190,95,25,53,34,470,4119,74505,"celkem","správní obvod obce s rozšířenou působností","2025_06"
"Mnichovo Hradiště",27,168,47,191,7,70,19,11,4,13,6,66,629,12693,"celkem","správní obvod obce s rozšířenou působností","2025_06"
"Neratovice",41,584,72,397,23,149,39,43,12,20,17,130,1527,20774,"celkem","správní obvod obce s rozšířenou působností","2025_06"
"Nymburk",44,425,52,412,24,193,58,25,13,20,9,177,1452,27707,"celkem","správní obvod obce s rozšířenou působností","2025_06"
"Poděbrady",49,481,70,401,20,169,43,45,10,13,9,103,1413,21920,"celkem","správní obvod obce s rozšířenou působností","2025_06"
"Příbram",54,622,169,939,19,318,62,83,20,43,15,224,2568,47622,"celkem","správní obvod obce s rozšířenou působností","2025_06"
"Rakovník",78,709,118,524,31,217,72,58,17,27,20,221,2092,37044,"celkem","správní obvod obce s rozšířenou působností","2025_06"
"Říčany",110,943,144,977,39,337,81,83,22,28,21,194,2979,52199,"celkem","správní obvod obce s rozšířenou působností","2025_06"
"Sedlčany",19,145,43,210,8,95,26,13,6,8,5,52,630,15522,"celkem","správní obvod obce s rozšířenou působností","2025_06"
"Slaný",49,365,79,390,10,193,41,49,10,22,9,248,1465,26904,"celkem","správní obvod obce s rozšířenou působností","2025_06"
"Vlašim",36,404,43,479,20,469,31,30,10,25,6,69,1622,17666,"celkem","správní obvod obce s rozšířenou působností","2025_06"
"Votice",2,98,23,134,2,31,17,9,1,3,4,48,372,8605,"celkem","správní obvod obce s rozšířenou působností","2025_06"
"Středočeský kraj",1623,17193,2801,15987,678,7207,1633,1447,389,724,401,5084,55167,944492,"celkem","kraj","2025_06"
"Bílina",33,361,37,255,13,101,29,36,8,21,16,130,1040,12713,"celkem","správní obvod obce s rozšířenou působností","2025_06"
"Děčín",126,937,200,673,46,376,113,61,23,48,33,388,3024,46431,"celkem","správní obvod obce s rozšířenou působností","2025_06"
"Chomutov",122,1198,185,1145,70,446,129,141,17,73,37,419,3982,48993,"celkem","správní obvod obce s rozšířenou působností","2025_06"
"Kadaň",53,519,87,453,22,187,57,46,20,31,16,173,1664,25235,"celkem","správní obvod obce s rozšířenou působností","2025_06"
"Litoměřice",50,744,128,572,26,233,78,60,12,36,15,298,2252,37443,"celkem","správní obvod obce s rozšířenou působností","2025_06"
"Litvínov",64,684,85,460,29,162,52,51,12,22,15,191,1827,22452,"celkem","správní obvod obce s rozšířenou působností","2025_06"
"Louny",73,886,114,590,29,248,62,70,22,45,21,245,2405,28131,"celkem","správní obvod obce s rozšířenou působností","2025_06"
"Lovosice",37,385,69,311,14,116,25,24,7,8,5,165,1166,19540,"celkem","správní obvod obce s rozšířenou působností","2025_06"
"Most",85,941,145,895,64,332,73,85,21,43,32,464,3180,46069,"celkem","správní obvod obce s rozšířenou působností","2025_06"
"Podbořany",21,260,29,208,6,82,24,22,9,18,12,86,777,9575,"celkem","správní obvod obce s rozšířenou působností","2025_06"
"Roudnice nad Labem",39,426,55,376,21,130,30,31,8,14,8,180,1318,21985,"celkem","správní obvod obce s rozšířenou působností","2025_06"
"Rumburk",28,359,60,375,12,150,86,41,9,21,19,249,1409,18488,"celkem","správní obvod obce s rozšířenou působností","2025_06"
"Teplice",159,1848,271,1260,91,496,165,151,40,78,61,528,5148,69113,"celkem","správní obvod obce s rozšířenou působností","2025_06"
"Ústí nad Labem",158,1605,260,1301,59,666,159,110,35,80,64,633,5130,69271,"celkem","správní obvod obce s rozšířenou působností","2025_06"
"Varnsdorf",24,166,44,172,4,85,28,15,9,8,9,139,703,11718,"celkem","správní obvod obce s rozšířenou působností","2025_06"
"Žatec",36,412,62,372,22,146,50,45,14,19,21,110,1309,16964,"celkem","správní obvod obce s rozšířenou působností","2025_06"
"Ústecký kraj",1108,11731,1831,9418,528,3956,1160,989,266,565,384,4398,36334,504121,"celkem","kraj","2025_06"
"Bystřice pod Hostýnem",17,128,38,125,7,40,9,8,3,4,5,63,447,9999,"celkem","správní obvod obce s rozšířenou působností","2025_06"
"Holešov",43,260,44,237,13,95,28,23,5,6,8,73,835,14298,"celkem","správní obvod obce s rozšířenou působností","2025_06"
"Kroměříž",107,1242,146,770,44,324,99,63,28,36,17,217,3093,43167,"celkem","správní obvod obce s rozšířenou působností","2025_06"
"Luhačovice",22,192,33,220,7,61,14,12,3,3,3,30,600,12432,"celkem","správní obvod obce s rozšířenou působností","2025_06"
"Otrokovice",50,507,70,387,24,176,57,42,13,13,13,85,1437,21666,"celkem","správní obvod obce s rozšířenou působností","2025_06"
"Rožnov pod Radhoštěm",45,417,77,439,13,173,41,22,5,15,10,124,1381,22894,"celkem","správní obvod obce s rozšířenou působností","2025_06"
"Uherské Hradiště",113,1177,165,907,54,437,114,86,38,44,25,196,3356,59123,"celkem","správní obvod obce s rozšířenou působností","2025_06"
"Uherský Brod",68,812,125,724,35,299,72,50,19,22,8,113,2347,33974,"celkem","správní obvod obce s rozšířenou působností","2025_06"
"Valašské Klobouky",32,227,58,293,12,87,31,27,5,12,5,44,833,14876,"celkem","správní obvod obce s rozšířenou působností","2025_06"
"Valašské Meziříčí",53,378,87,467,28,180,42,50,19,21,6,112,1443,27682,"celkem","správní obvod obce s rozšířenou působností","2025_06"
"Vizovice",18,228,36,231,8,77,26,15,2,9,1,41,692,11848,"celkem","správní obvod obce s rozšířenou působností","2025_06"
"Vsetín",90,853,152,768,43,283,72,76,31,29,15,201,2613,42000,"celkem","správní obvod obce s rozšířenou působností","2025_06"
"Zlín",120,1238,165,978,57,387,121,97,25,42,20,206,3456,66834,"celkem","správní obvod obce s rozšířenou působností","2025_06"
"Zlínský kraj",778,7659,1196,6546,345,2619,726,571,196,256,136,1505,22533,380793,"celkem","kraj","2025_06"
"ČR",15077,137781,22100,130159,6505,51491,12892,12252,3074,5979,3351,37768,438429,7025336,"celkem","stát","2025_06"
"Hlavní město Praha",1692,9889,1906,11575,674,4757,1200,1216,273,635,314,3243,37374,502480,"muž","kraj","2025_06"
"Blatná",10,102,19,78,2,49,13,7,1,7,1,49,338,5983,"muž","správní obvod obce s rozšířenou působností","2025_06"
"České Budějovice",231,1888,244,1433,78,646,147,155,47,73,43,428,5413,59421,"muž","správní obvod obce s rozšířenou působností","2025_06"
"Český Krumlov",30,326,100,267,12,131,38,24,10,12,11,201,1162,14689,"muž","správní obvod obce s rozšířenou působností","2025_06"
"Dačice",17,98,27,113,9,56,25,6,5,2,1,54,413,6955,"muž","správní obvod obce s rozšířenou působností","2025_06"
"Jindřichův Hradec",74,537,83,324,30,175,54,23,12,14,9,205,1540,17930,"muž","správní obvod obce s rozšířenou působností","2025_06"
"Kaplice",24,105,56,132,8,78,29,9,6,10,4,104,565,7175,"muž","správní obvod obce s rozšířenou působností","2025_06"
"Milevsko",21,154,23,142,7,48,17,9,1,6,5,51,484,6763,"muž","správní obvod obce s rozšířenou působností","2025_06"
"Písek",67,545,89,430,27,209,44,39,14,20,15,138,1637,18851,"muž","správní obvod obce s rozšířenou působností","2025_06"
"Prachatice",39,274,64,235,14,126,41,20,8,13,17,148,999,12583,"muž","správní obvod obce s rozšířenou působností","2025_06"
"Soběslav",33,213,30,154,9,94,17,18,9,8,4,57,646,8003,"muž","správní obvod obce s rozšířenou působností","2025_06"
"Strakonice",52,354,94,250,21,120,33,29,7,12,14,138,1124,16191,"muž","správní obvod obce s rozšířenou působností","2025_06"
"Tábor",45,743,119,692,22,236,89,60,16,38,16,203,2279,29046,"muž","správní obvod obce s rozšířenou působností","2025_06"
"Trhové Sviny",18,181,33,132,7,63,20,11,3,9,1,77,555,7184,"muž","správní obvod obce s rozšířenou působností","2025_06"
"Třeboň",32,313,69,226,13,96,25,22,9,15,9,91,920,8951,"muž","správní obvod obce s rozšířenou působností","2025_06"
"Týn nad Vltavou",9,179,25,126,6,43,11,12,1,8,2,65,487,5148,"muž","správní obvod obce s rozšířenou působností","2025_06"
"Vimperk",26,122,26,130,8,70,27,12,3,6,5,66,501,6439,"muž","správní obvod obce s rozšířenou působností","2025_06"
"Vodňany",14,105,20,80,4,52,11,13,3,7,3,36,348,4403,"muž","správní obvod obce s rozšířenou působností","2025_06"
"Jihočeský kraj",742,6239,1121,4944,277,2292,641,469,155,260,160,2111,19411,235715,"muž","kraj","2025_06"
"Blansko",51,376,80,349,13,139,49,31,12,16,16,110,1242,20008,"muž","správní obvod obce s rozšířenou působností","2025_06"
"Boskovice",37,475,80,374,26,179,43,46,8,16,9,118,1411,18406,"muž","správní obvod obce s rozšířenou působností","2025_06"
"Brno",526,3044,555,3462,165,1444,368,352,80,178,89,990,11253,128424,"muž","správní obvod obce s rozšířenou působností","2025_06"
"Břeclav",52,685,120,1210,35,311,78,82,12,32,15,146,2778,21020,"muž","správní obvod obce s rozšířenou působností","2025_06"
"Bučovice",16,140,28,167,9,53,17,20,2,11,4,36,503,5891,"muž","správní obvod obce s rozšířenou působností","2025_06"
"Hodonín",43,520,84,469,28,219,66,53,7,23,10,182,1704,21297,"muž","správní obvod obce s rozšířenou působností","2025_06"
"Hustopeče",25,426,45,583,20,157,42,49,10,22,8,101,1488,13089,"muž","správní obvod obce s rozšířenou působností","2025_06"
"Ivančice",14,141,34,175,7,75,26,20,6,8,8,74,588,8824,"muž","správní obvod obce s rozšířenou působností","2025_06"
"Kuřim",23,145,38,149,6,48,16,13,4,11,8,57,518,8041,"muž","správní obvod obce s rozšířenou působností","2025_06"
"Kyjov",40,423,68,410,18,217,41,26,9,29,14,123,1418,19827,"muž","správní obvod obce s rozšířenou působností","2025_06"
"Mikulov",11,227,44,266,10,85,31,24,6,11,5,77,797,7070,"muž","správní obvod obce s rozšířenou působností","2025_06"
"Moravský Krumlov",25,178,34,140,14,52,32,17,6,7,4,64,573,8305,"muž","správní obvod obce s rozšířenou působností","2025_06"
"Pohořelice",15,245,23,262,8,81,17,17,6,9,7,50,740,5266,"muž","správní obvod obce s rozšířenou působností","2025_06"
"Rosice",38,423,57,519,15,288,24,46,7,22,6,104,1549,9280,"muž","správní obvod obce s rozšířenou působností","2025_06"
"Slavkov u Brna",20,189,48,215,7,87,20,22,2,8,4,56,678,8530,"muž","správní obvod obce s rozšířenou působností","2025_06"
"Šlapanice",104,817,116,868,40,408,51,73,10,40,4,126,2657,24837,"muž","správní obvod obce s rozšířenou působností","2025_06"
"Tišnov",26,239,55,184,5,66,25,21,4,8,3,53,689,11361,"muž","správní obvod obce s rozšířenou působností","2025_06"
"Veselí nad Moravou",48,313,57,285,18,148,49,35,12,13,7,94,1079,13407,"muž","správní obvod obce s rozšířenou působností","2025_06"
"Vyškov",52,709,86,786,32,230,61,66,12,32,12,126,2204,18489,"muž","správní obvod obce s rozšířenou působností","2025_06"
"Znojmo",77,835,180,692,41,308,78,69,17,39,27,239,2602,32440,"muž","správní obvod obce s rozšířenou působností","2025_06"
"Židlochovice",40,513,60,412,14,297,34,31,5,22,10,72,1510,11572,"muž","správní obvod obce s rozšířenou působností","2025_06"
"Jihomoravský kraj",1283,11063,1892,11977,531,4892,1168,1113,237,557,270,2998,37981,415384,"muž","kraj","2025_06"
"Aš",6,123,32,100,3,63,23,14,3,10,6,100,483,5830,"muž","správní obvod obce s rozšířenou působností","2025_06"
"Cheb",52,521,97,394,25,211,50,43,5,28,35,219,1680,17283,"muž","správní obvod obce s rozšířenou působností","2025_06"
"Karlovy Vary",93,834,149,860,66,344,84,102,15,57,25,374,3003,31870,"muž","správní obvod obce s rozšířenou působností","2025_06"
"Kraslice",15,162,27,95,11,54,14,5,4,4,7,89,487,4380,"muž","správní obvod obce s rozšířenou působností","2025_06"
"Mariánské Lázně",19,186,49,195,6,77,40,21,5,9,13,107,727,8251,"muž","správní obvod obce s rozšířenou působností","2025_06"
"Ostrov",26,260,55,229,13,105,22,35,1,10,10,106,872,9727,"muž","správní obvod obce s rozšířenou působností","2025_06"
"Sokolov",65,721,123,673,33,230,84,93,19,39,30,497,2607,25979,"muž","správní obvod obce s rozšířenou působností","2025_06"
"Karlovarský kraj",276,2807,532,2546,157,1084,317,313,52,157,126,1492,9859,103320,"muž","kraj","2025_06"
"Bystřice nad Pernštejnem",14,163,21,103,3,84,28,6,4,5,3,31,465,7286,"muž","správní obvod obce s rozšířenou působností","2025_06"
"Havlíčkův Brod",69,912,85,652,24,309,39,54,12,34,8,125,2323,19192,"muž","správní obvod obce s rozšířenou působností","2025_06"
"Humpolec",34,448,41,325,18,227,17,30,5,22,0,45,1212,6777,"muž","správní obvod obce s rozšířenou působností","2025_06"
"Chotěboř",23,252,26,126,9,66,22,7,2,6,3,53,595,8098,"muž","správní obvod obce s rozšířenou působností","2025_06"
"Jihlava",122,1107,184,1378,50,809,79,96,21,66,21,214,4147,35749,"muž","správní obvod obce s rozšířenou působností","2025_06"
"Moravské Budějovice",35,234,68,235,14,107,52,15,6,8,6,63,843,8567,"muž","správní obvod obce s rozšířenou působností","2025_06"
"Náměšť nad Oslavou",12,97,14,79,6,27,4,3,3,4,2,31,282,5080,"muž","správní obvod obce s rozšířenou působností","2025_06"
"Nové Město na Moravě",13,143,17,129,5,48,8,5,1,0,4,28,401,7149,"muž","správní obvod obce s rozšířenou působností","2025_06"
"Pacov",14,77,9,70,5,28,7,4,2,3,3,22,244,3498,"muž","správní obvod obce s rozšířenou působností","2025_06"
"Pelhřimov",49,421,71,348,18,149,33,24,8,15,7,116,1259,16548,"muž","správní obvod obce s rozšířenou působností","2025_06"
"Světlá nad Sázavou",16,240,22,106,6,54,9,13,5,6,3,51,531,7206,"muž","správní obvod obce s rozšířenou působností","2025_06"
"Telč",16,80,22,74,3,38,18,6,2,4,1,40,304,4823,"muž","správní obvod obce s rozšířenou působností","2025_06"
"Třebíč",97,634,108,556,26,227,54,46,18,30,17,117,1930,27453,"muž","správní obvod obce s rozšířenou působností","2025_06"
"Velké Meziříčí",54,910,75,817,25,518,51,55,7,46,6,88,2652,13388,"muž","správní obvod obce s rozšířenou působností","2025_06"
"Žďár nad Sázavou",37,456,58,237,15,129,32,21,7,11,11,65,1079,15523,"muž","správní obvod obce s rozšířenou působností","2025_06"
"Kraj Vysočina",605,6174,821,5235,227,2820,453,385,103,260,95,1089,18267,186337,"muž","kraj","2025_06"
"Broumov",13,373,48,165,8,56,31,13,7,11,10,85,820,5203,"muž","správní obvod obce s rozšířenou působností","2025_06"
"Dobruška",13,168,39,127,4,48,28,14,5,11,4,41,502,7246,"muž","správní obvod obce s rozšířenou působností","2025_06"
"Dvůr Králové nad Labem",38,354,49,279,15,117,35,35,8,10,5,104,1049,9782,"muž","správní obvod obce s rozšířenou působností","2025_06"
"Hořice",20,184,38,193,6,94,16,22,7,11,5,53,649,6643,"muž","správní obvod obce s rozšířenou působností","2025_06"
"Hradec Králové",208,1585,245,1596,85,608,139,164,39,71,46,362,5148,50935,"muž","správní obvod obce s rozšířenou působností","2025_06"
"Jaroměř",34,300,57,336,17,106,27,31,7,9,6,65,995,6589,"muž","správní obvod obce s rozšířenou působností","2025_06"
"Jičín",39,396,88,601,21,176,37,52,14,27,13,160,1624,17585,"muž","správní obvod obce s rozšířenou působností","2025_06"
"Kostelec nad Orlicí",22,238,41,214,10,84,23,17,2,6,4,74,735,9153,"muž","správní obvod obce s rozšířenou působností","2025_06"
"Náchod",73,620,120,511,36,226,71,60,7,22,16,188,1950,21167,"muž","správní obvod obce s rozšířenou působností","2025_06"
"Nová Paka",7,99,24,95,9,37,5,5,1,1,4,30,317,4732,"muž","správní obvod obce s rozšířenou působností","2025_06"
"Nové Město nad Metují",18,110,31,107,5,38,16,8,7,2,3,36,381,5125,"muž","správní obvod obce s rozšířenou působností","2025_06"
"Nový Bydžov",28,139,35,193,13,81,14,28,4,16,10,78,639,6423,"muž","správní obvod obce s rozšířenou působností","2025_06"
"Rychnov nad Kněžnou",18,208,61,226,18,113,35,19,7,9,9,88,811,12215,"muž","správní obvod obce s rozšířenou působností","2025_06"
"Trutnov",106,986,121,645,38,247,70,76,27,35,27,281,2659,21886,"muž","správní obvod obce s rozšířenou působností","2025_06"
"Vrchlabí",32,428,55,237,11,120,19,36,7,11,10,128,1094,9429,"muž","správní obvod obce s rozšířenou působností","2025_06"
"Královéhradecký kraj",669,6188,1052,5525,296,2151,566,580,149,252,172,1773,19373,194113,"muž","kraj","2025_06"
"Česká Lípa",105,678,147,572,35,333,107,50,21,38,23,438,2547,25014,"muž","správní obvod obce s rozšířenou působností","2025_06"
"Frýdlant",27,127,55,212,11,88,37,19,5,13,8,138,740,8111,"muž","správní obvod obce s rozšířenou působností","2025_06"
"Jablonec nad Nisou",67,519,115,462,36,223,64,71,14,32,17,303,1923,18967,"muž","správní obvod obce s rozšířenou působností","2025_06"
"Jilemnice",21,199,40,180,9,88,24,21,5,9,9,70,675,8067,"muž","správní obvod obce s rozšířenou působností","2025_06"
"Liberec",164,1125,266,1211,76,490,142,138,43,79,37,592,4363,48887,"muž","správní obvod obce s rozšířenou působností","2025_06"
"Nový Bor",36,222,73,202,12,106,27,29,11,9,8,128,863,9021,"muž","správní obvod obce s rozšířenou působností","2025_06"
"Semily",24,217,43,198,11,84,25,13,5,11,6,83,720,9136,"muž","správní obvod obce s rozšířenou působností","2025_06"
"Tanvald",37,179,49,217,12,93,23,23,11,13,6,146,809,6881,"muž","správní obvod obce s rozšířenou působností","2025_06"
"Turnov",37,250,54,308,15,97,33,30,4,10,9,101,948,11977,"muž","správní obvod obce s rozšířenou působností","2025_06"
"Železný Brod",21,129,20,81,6,44,9,8,6,3,4,32,363,4309,"muž","správní obvod obce s rozšířenou působností","2025_06"
"Liberecký kraj",539,3645,862,3643,223,1646,491,402,125,217,127,2031,13951,150370,"muž","kraj","2025_06"
"Bílovec",34,326,53,359,11,158,31,33,3,19,10,75,1112,8686,"muž","správní obvod obce s rozšířenou působností","2025_06"
"Bohumín",59,362,86,486,27,169,60,67,13,26,13,188,1556,11030,"muž","správní obvod obce s rozšířenou působností","2025_06"
"Bruntál",49,495,89,564,46,227,48,57,11,29,16,140,1771,11658,"muž","správní obvod obce s rozšířenou působností","2025_06"
"Český Těšín",38,229,86,462,21,186,62,46,6,17,10,79,1242,8363,"muž","správní obvod obce s rozšířenou působností","2025_06"
"Frenštát pod Radhoštěm",27,188,27,202,15,60,18,27,4,8,6,51,633,6753,"muž","správní obvod obce s rozšířenou působností","2025_06"
"Frýdek-Místek",196,928,221,1632,104,509,132,155,41,70,30,414,4432,39161,"muž","správní obvod obce s rozšířenou působností","2025_06"
"Frýdlant nad Ostravicí",41,271,55,368,28,136,28,45,8,17,8,89,1094,9085,"muž","správní obvod obce s rozšířenou působností","2025_06"
"Havířov",134,703,169,950,69,354,110,134,37,63,37,416,3176,27443,"muž","správní obvod obce s rozšířenou působností","2025_06"
"Hlučín",48,402,76,556,40,150,52,44,13,18,14,107,1520,14185,"muž","správní obvod obce s rozšířenou působností","2025_06"
"Jablunkov",23,167,54,298,14,111,35,31,5,17,9,44,808,7931,"muž","správní obvod obce s rozšířenou působností","2025_06"
"Karviná",103,483,119,762,46,296,88,104,25,45,36,317,2424,20265,"muž","správní obvod obce s rozšířenou působností","2025_06"
"Kopřivnice",48,366,73,530,25,162,44,42,12,22,9,100,1433,13696,"muž","správní obvod obce s rozšířenou působností","2025_06"
"Kravaře",31,233,40,242,16,72,32,23,6,8,9,64,776,7607,"muž","správní obvod obce s rozšířenou působností","2025_06"
"Krnov",75,637,115,619,41,214,61,79,10,32,13,156,2052,12951,"muž","správní obvod obce s rozšířenou působností","2025_06"
"Nový Jičín",103,478,118,734,41,230,53,67,33,33,16,160,2066,16780,"muž","správní obvod obce s rozšířenou působností","2025_06"
"Odry",30,200,39,534,11,117,22,41,7,22,5,95,1123,5679,"muž","správní obvod obce s rozšířenou působností","2025_06"
"Opava",122,1230,171,1273,78,420,103,137,34,63,18,240,3889,34709,"muž","správní obvod obce s rozšířenou působností","2025_06"
"Orlová",62,364,92,487,43,164,49,74,17,30,18,211,1611,11623,"muž","správní obvod obce s rozšířenou působností","2025_06"
"Ostrava",533,3780,603,5327,278,1549,391,580,117,207,124,1272,14761,101799,"muž","správní obvod obce s rozšířenou působností","2025_06"
"Rýmařov",22,150,54,147,13,57,24,14,6,5,1,62,555,5015,"muž","správní obvod obce s rozšířenou působností","2025_06"
"Třinec",53,459,133,702,37,236,48,58,15,29,15,97,1882,18492,"muž","správní obvod obce s rozšířenou působností","2025_06"
"Vítkov",19,129,32,182,12,68,19,24,8,8,10,62,573,4420,"muž","správní obvod obce s rozšířenou působností","2025_06"
"Moravskoslezský kraj",1850,12580,2505,17416,1016,5645,1510,1882,431,788,427,4439,50489,397331,"muž","kraj","2025_06"
"Hranice",53,420,82,529,27,143,27,37,10,20,10,85,1443,12026,"muž","správní obvod obce s rozšířenou působností","2025_06"
"Jeseník",61,612,144,480,43,267,55,52,17,25,13,120,1889,12637,"muž","správní obvod obce s rozšířenou působností","2025_06"
"Konice",9,124,26,83,6,54,17,11,2,2,2,35,371,4419,"muž","správní obvod obce s rozšířenou působností","2025_06"
"Lipník nad Bečvou",19,176,47,177,8,61,15,14,5,7,5,53,587,5395,"muž","správní obvod obce s rozšířenou působností","2025_06"
"Litovel",17,155,46,128,4,71,17,17,4,10,2,72,543,8258,"muž","správní obvod obce s rozšířenou působností","2025_06"
"Mohelnice",12,109,29,104,7,53,26,8,1,2,5,57,413,6527,"muž","správní obvod obce s rozšířenou působností","2025_06"
"Olomouc",172,1249,293,1557,87,649,122,154,44,77,30,378,4812,56151,"muž","správní obvod obce s rozšířenou působností","2025_06"
"Prostějov",125,1270,205,894,50,339,83,106,18,36,30,316,3472,33451,"muž","správní obvod obce s rozšířenou působností","2025_06"
"Přerov",85,719,159,620,47,307,78,59,20,51,26,293,2464,26684,"muž","správní obvod obce s rozšířenou působností","2025_06"
"Šternberk",23,175,51,174,11,88,30,19,4,9,11,105,700,8100,"muž","správní obvod obce s rozšířenou působností","2025_06"
"Šumperk",81,803,178,531,37,289,83,56,20,42,31,191,2342,23038,"muž","správní obvod obce s rozšířenou působností","2025_06"
"Uničov",22,144,41,136,12,70,21,16,7,14,4,65,552,7659,"muž","správní obvod obce s rozšířenou působností","2025_06"
"Zábřeh",22,308,74,250,17,120,37,28,8,15,6,80,965,11192,"muž","správní obvod obce s rozšířenou působností","2025_06"
"Olomoucký kraj",701,6264,1375,5663,356,2511,611,577,160,310,175,1850,20553,215537,"muž","kraj","2025_06"
"Česká Třebová",15,93,44,173,5,52,22,21,9,4,5,53,496,5989,"muž","správní obvod obce s rozšířenou působností","2025_06"
"Hlinsko",32,249,53,254,22,106,23,21,5,10,3,44,822,7754,"muž","správní obvod obce s rozšířenou působností","2025_06"
"Holice",31,221,31,257,17,76,28,31,4,17,5,38,756,6504,"muž","správní obvod obce s rozšířenou působností","2025_06"
"Chrudim",100,893,154,938,49,369,98,97,34,49,29,231,3041,30078,"muž","správní obvod obce s rozšířenou působností","2025_06"
"Králíky",10,90,18,80,4,37,9,9,4,9,4,36,310,2930,"muž","správní obvod obce s rozšířenou působností","2025_06"
"Lanškroun",19,151,28,177,7,81,25,15,4,5,7,87,606,7920,"muž","správní obvod obce s rozšířenou působností","2025_06"
"Litomyšl",22,205,34,242,10,92,30,29,3,9,5,54,735,9842,"muž","správní obvod obce s rozšířenou působností","2025_06"
"Moravská Třebová",24,243,47,230,15,107,22,23,11,12,9,110,853,8960,"muž","správní obvod obce s rozšířenou působností","2025_06"
"Pardubice",162,1432,231,1343,83,598,148,158,40,76,40,305,4616,45339,"muž","správní obvod obce s rozšířenou působností","2025_06"
"Polička",18,147,33,131,15,65,22,10,7,6,3,35,492,6988,"muž","správní obvod obce s rozšířenou působností","2025_06"
"Přelouč",25,248,43,216,15,114,31,30,6,15,5,92,840,9375,"muž","správní obvod obce s rozšířenou působností","2025_06"
"Svitavy",31,252,58,287,16,128,36,39,6,16,7,94,970,10567,"muž","správní obvod obce s rozšířenou působností","2025_06"
"Ústí nad Orlicí",33,189,42,240,17,89,38,31,10,7,8,11,715,9389,"muž","správní obvod obce s rozšířenou působností","2025_06"
"Vysoké Mýto",41,322,52,325,18,135,43,37,13,16,12,88,1102,11328,"muž","správní obvod obce s rozšířenou působností","2025_06"
"Žamberk",40,251,59,267,21,104,34,23,6,11,12,52,880,10692,"muž","správní obvod obce s rozšířenou působností","2025_06"
"Pardubický kraj",603,4986,927,5160,314,2153,609,574,162,262,154,1330,17234,183655,"muž","kraj","2025_06"
"Blovice",10,127,18,85,7,22,10,11,1,3,3,34,331,4783,"muž","správní obvod obce s rozšířenou působností","2025_06"
"Domažlice",35,274,69,383,16,158,59,37,14,33,16,95,1189,14924,"muž","správní obvod obce s rozšířenou působností","2025_06"
"Horažďovice",9,84,18,67,2,44,8,9,1,3,2,42,289,4277,"muž","správní obvod obce s rozšířenou působností","2025_06"
"Horšovský Týn",18,118,26,162,4,83,13,19,4,7,3,63,520,5530,"muž","správní obvod obce s rozšířenou působností","2025_06"
"Klatovy",48,506,73,378,28,181,43,34,14,16,9,119,1449,18600,"muž","správní obvod obce s rozšířenou působností","2025_06"
"Kralovice",20,239,29,173,17,75,10,19,5,9,7,81,684,10017,"muž","správní obvod obce s rozšířenou působností","2025_06"
"Nepomuk",19,118,27,84,4,35,12,8,4,5,3,47,366,4873,"muž","správní obvod obce s rozšířenou působností","2025_06"
"Nýřany",53,788,102,588,31,243,48,54,11,23,16,210,2167,21523,"muž","správní obvod obce s rozšířenou působností","2025_06"
"Plzeň",234,2327,290,1705,107,706,196,188,65,118,68,603,6607,67750,"muž","správní obvod obce s rozšířenou působností","2025_06"
"Přeštice",26,221,41,172,8,83,20,22,6,5,2,73,679,10873,"muž","správní obvod obce s rozšířenou působností","2025_06"
"Rokycany",75,952,90,686,29,262,57,78,10,20,13,123,2395,18951,"muž","správní obvod obce s rozšířenou působností","2025_06"
"Stod",23,252,27,200,3,83,24,29,6,9,8,90,754,8316,"muž","správní obvod obce s rozšířenou působností","2025_06"
"Stříbro",23,214,42,217,9,92,32,18,2,18,7,127,801,8245,"muž","správní obvod obce s rozšířenou působností","2025_06"
"Sušice",19,265,33,170,5,85,16,14,2,9,3,80,701,8692,"muž","správní obvod obce s rozšířenou působností","2025_06"
"Tachov",64,438,92,500,31,181,81,70,10,25,18,161,1671,13159,"muž","správní obvod obce s rozšířenou působností","2025_06"
"Plzeňský kraj",676,6923,977,5570,301,2333,629,610,155,303,178,1948,20603,220513,"muž","kraj","2025_06"
"Benešov",45,431,88,534,22,238,46,41,10,13,8,170,1646,22259,"muž","správní obvod obce s rozšířenou působností","2025_06"
"Beroun",63,868,138,643,28,393,72,76,12,34,14,228,2569,23464,"muž","správní obvod obce s rozšířenou působností","2025_06"
"Brandýs nad Labem-Stará Boleslav",117,1158,204,1206,57,590,117,112,39,79,33,250,3962,40915,"muž","správní obvod obce s rozšířenou působností","2025_06"
"Čáslav",27,299,39,177,11,97,17,26,7,6,2,80,788,9379,"muž","správní obvod obce s rozšířenou působností","2025_06"
"Černošice",155,1343,227,1470,69,718,137,149,24,57,41,271,4661,54701,"muž","správní obvod obce s rozšířenou působností","2025_06"
"Český Brod",24,157,30,173,14,74,22,16,3,7,7,106,633,6967,"muž","správní obvod obce s rozšířenou působností","2025_06"
"Dobříš",23,156,34,219,8,71,13,18,6,13,2,79,642,8357,"muž","správní obvod obce s rozšířenou působností","2025_06"
"Hořovice",26,469,52,303,16,153,38,44,13,18,10,102,1244,11604,"muž","správní obvod obce s rozšířenou působností","2025_06"
"Kladno",81,869,197,894,39,388,130,106,32,54,31,568,3389,42454,"muž","správní obvod obce s rozšířenou působností","2025_06"
"Kolín",61,732,118,645,38,298,65,69,19,35,30,349,2459,29515,"muž","správní obvod obce s rozšířenou působností","2025_06"
"Kralupy nad Vltavou",34,411,53,314,20,157,24,32,8,13,13,102,1181,11372,"muž","správní obvod obce s rozšířenou působností","2025_06"
"Kutná Hora",71,529,87,370,29,169,50,35,17,15,13,151,1536,18594,"muž","správní obvod obce s rozšířenou působností","2025_06"
"Lysá nad Labem",25,250,63,271,14,188,59,25,12,23,11,119,1060,10328,"muž","správní obvod obce s rozšířenou působností","2025_06"
"Mělník",44,410,75,380,19,197,49,43,14,33,9,166,1439,17654,"muž","správní obvod obce s rozšířenou působností","2025_06"
"Mladá Boleslav",97,714,250,953,25,491,176,87,25,49,31,427,3325,40616,"muž","správní obvod obce s rozšířenou působností","2025_06"
"Mnichovo Hradiště",23,118,38,150,6,59,18,11,4,11,6,55,499,6749,"muž","správní obvod obce s rozšířenou působností","2025_06"
"Neratovice",32,415,63,305,22,136,33,35,12,16,15,117,1201,11141,"muž","správní obvod obce s rozšířenou působností","2025_06"
"Nymburk",36,324,47,324,22,166,49,25,12,19,7,160,1191,14824,"muž","správní obvod obce s rozšířenou působností","2025_06"
"Poděbrady",40,358,61,315,17,139,34,42,9,12,9,88,1124,11438,"muž","správní obvod obce s rozšířenou působností","2025_06"
"Příbram",47,473,141,762,17,260,58,73,18,42,12,206,2109,25142,"muž","správní obvod obce s rozšířenou působností","2025_06"
"Rakovník",66,537,93,429,28,185,56,56,15,24,20,199,1708,20129,"muž","správní obvod obce s rozšířenou působností","2025_06"
"Říčany",89,662,129,757,34,293,72,70,21,24,19,170,2340,26892,"muž","správní obvod obce s rozšířenou působností","2025_06"
"Sedlčany",18,106,34,158,7,84,24,12,5,7,5,44,504,8125,"muž","správní obvod obce s rozšířenou působností","2025_06"
"Slaný",41,274,64,305,9,170,31,40,10,21,9,226,1200,14378,"muž","správní obvod obce s rozšířenou působností","2025_06"
"Vlašim",30,349,38,436,19,444,30,27,10,24,6,63,1476,9553,"muž","správní obvod obce s rozšířenou působností","2025_06"
"Votice",2,79,19,107,2,26,16,8,1,3,4,38,305,4578,"muž","správní obvod obce s rozšířenou působností","2025_06"
"Středočeský kraj",1317,12491,2382,12600,592,6184,1436,1278,358,652,367,4534,44191,501128,"muž","kraj","2025_06"
"Bílina",29,274,34,216,12,88,25,31,8,18,14,121,870,7688,"muž","správní obvod obce s rozšířenou působností","2025_06"
"Děčín",103,709,169,535,41,305,97,59,20,41,31,348,2458,25959,"muž","správní obvod obce s rozšířenou působností","2025_06"
"Chomutov",96,839,163,874,62,375,112,126,11,66,34,383,3141,27568,"muž","správní obvod obce s rozšířenou působností","2025_06"
"Kadaň",46,380,83,365,19,157,54,42,20,29,15,163,1373,14052,"muž","správní obvod obce s rozšířenou působností","2025_06"
"Litoměřice",44,537,94,424,25,193,64,53,9,34,15,276,1768,19904,"muž","správní obvod obce s rozšířenou působností","2025_06"
"Litvínov",52,463,71,340,24,134,40,45,7,20,13,181,1390,12828,"muž","správní obvod obce s rozšířenou působností","2025_06"
"Louny",62,666,98,470,24,205,53,66,19,36,21,226,1946,15132,"muž","správní obvod obce s rozšířenou působností","2025_06"
"Lovosice",33,304,61,253,12,108,24,20,6,8,5,152,986,11348,"muž","správní obvod obce s rozšířenou působností","2025_06"
"Most",65,723,122,697,58,286,63,72,19,37,29,428,2599,27496,"muž","správní obvod obce s rozšířenou působností","2025_06"
"Podbořany",14,190,26,175,6,69,20,22,8,17,11,75,633,5359,"muž","správní obvod obce s rozšířenou působností","2025_06"
"Roudnice nad Labem",35,319,47,300,18,109,26,26,8,10,6,161,1065,11652,"muž","správní obvod obce s rozšířenou působností","2025_06"
"Rumburk",26,266,52,289,11,135,75,37,6,21,16,222,1156,10208,"muž","správní obvod obce s rozšířenou působností","2025_06"
"Teplice",128,1275,217,982,78,424,147,133,35,71,58,477,4025,38568,"muž","správní obvod obce s rozšířenou působností","2025_06"
"Ústí nad Labem",140,1257,229,1098,55,587,136,107,32,71,59,581,4352,38199,"muž","správní obvod obce s rozšířenou působností","2025_06"
"Varnsdorf",23,133,33,127,3,69,23,14,9,8,9,128,579,6411,"muž","správní obvod obce s rozšířenou působností","2025_06"
"Žatec",32,297,51,276,19,119,48,37,10,17,21,97,1024,9174,"muž","správní obvod obce s rozšířenou působností","2025_06"
"Ústecký kraj",928,8632,1550,7421,467,3363,1007,890,227,504,357,4019,29365,281546,"muž","kraj","2025_06"
"Bystřice pod Hostýnem",13,93,31,98,5,35,8,6,2,3,5,61,360,5376,"muž","správní obvod obce s rozšířenou působností","2025_06"
"Holešov",36,193,37,170,12,85,24,21,5,4,8,67,662,7670,"muž","správní obvod obce s rozšířenou působností","2025_06"
"Kroměříž",88,867,115,619,39,271,81,58,22,30,16,199,2405,23015,"muž","správní obvod obce s rozšířenou působností","2025_06"
"Luhačovice",19,153,29,178,7,50,10,11,3,3,3,26,492,6729,"muž","správní obvod obce s rozšířenou působností","2025_06"
"Otrokovice",41,388,59,286,21,134,48,39,12,10,11,77,1126,11659,"muž","správní obvod obce s rozšířenou působností","2025_06"
"Rožnov pod Radhoštěm",43,305,65,345,11,150,29,20,5,14,10,116,1113,12243,"muž","správní obvod obce s rozšířenou působností","2025_06"
"Uherské Hradiště",81,874,136,703,49,352,102,76,31,41,21,175,2641,31542,"muž","správní obvod obce s rozšířenou působností","2025_06"
"Uherský Brod",55,672,109,608,32,269,61,44,19,21,8,99,1997,18617,"muž","správní obvod obce s rozšířenou působností","2025_06"
"Valašské Klobouky",26,176,53,246,11,78,29,23,5,12,5,43,707,8248,"muž","správní obvod obce s rozšířenou působností","2025_06"
"Valašské Meziříčí",41,291,69,373,27,148,38,43,19,15,6,99,1169,14769,"muž","správní obvod obce s rozšířenou působností","2025_06"
"Vizovice",15,168,32,174,7,68,23,15,2,6,1,36,547,6286,"muž","správní obvod obce s rozšířenou působností","2025_06"
"Vsetín",79,633,136,616,37,241,61,72,27,29,14,180,2125,23341,"muž","správní obvod obce s rozšířenou působností","2025_06"
"Zlín",100,940,137,759,52,321,100,78,24,40,19,186,2756,34874,"muž","správní obvod obce s rozšířenou působností","2025_06"
"Zlínský kraj",637,5753,1008,5175,310,2202,614,506,176,228,127,1364,18100,204369,"muž","kraj","2025_06"
"ČR",12518,103634,18910,104450,5741,44033,11252,10795,2763,5385,3049,34221,356751,3791798,"muž","stát","2025_06"
"Hlavní město Praha",272,2607,280,2509,74,762,168,140,28,44,27,371,7282,417293,"žena","kraj","2025_06"
"Blatná",0,33,5,16,1,10,1,1,0,0,0,5,72,4531,"žena","správní obvod obce s rozšířenou působností","2025_06"
"České Budějovice",69,750,50,465,14,158,26,27,4,5,4,53,1625,54290,"žena","správní obvod obce s rozšířenou působností","2025_06"
"Český Krumlov",7,111,13,69,5,34,3,4,1,2,3,17,269,12590,"žena","správní obvod obce s rozšířenou působností","2025_06"
"Dačice",5,25,7,34,0,13,3,2,0,1,0,2,92,5748,"žena","správní obvod obce s rozšířenou působností","2025_06"
"Jindřichův Hradec",21,243,11,73,3,35,9,6,2,2,3,22,430,15109,"žena","správní obvod obce s rozšířenou působností","2025_06"
"Kaplice",4,34,9,44,2,15,2,1,0,1,1,12,125,5927,"žena","správní obvod obce s rozšířenou působností","2025_06"
"Milevsko",2,56,8,44,1,9,2,1,0,1,0,2,126,5926,"žena","správní obvod obce s rozšířenou působností","2025_06"
"Písek",18,210,21,106,6,33,8,11,3,3,1,19,439,16933,"žena","správní obvod obce s rozšířenou působností","2025_06"
"Prachatice",6,89,13,65,0,14,5,2,2,2,0,9,207,10418,"žena","správní obvod obce s rozšířenou působností","2025_06"
"Soběslav",2,80,3,51,1,15,9,3,1,1,1,8,175,7032,"žena","správní obvod obce s rozšířenou působností","2025_06"
"Strakonice",17,112,10,87,5,24,4,2,0,3,0,10,274,14475,"žena","správní obvod obce s rozšířenou působností","2025_06"
"Tábor",13,273,15,176,4,45,13,8,2,8,4,16,577,25535,"žena","správní obvod obce s rozšířenou působností","2025_06"
"Trhové Sviny",5,83,6,51,1,14,4,1,1,1,0,9,176,6234,"žena","správní obvod obce s rozšířenou působností","2025_06"
"Třeboň",7,119,4,72,9,23,2,4,3,0,2,7,252,8037,"žena","správní obvod obce s rozšířenou působností","2025_06"
"Týn nad Vltavou",2,72,3,36,1,11,0,2,0,0,2,7,136,4478,"žena","správní obvod obce s rozšířenou působností","2025_06"
"Vimperk",3,33,4,46,3,13,5,3,1,1,1,5,118,5479,"žena","správní obvod obce s rozšířenou působností","2025_06"
"Vodňany",4,34,6,22,1,7,1,0,0,3,0,2,80,3666,"žena","správní obvod obce s rozšířenou působností","2025_06"
"Jihočeský kraj",185,2357,188,1457,57,473,97,78,20,34,22,205,5173,206408,"žena","kraj","2025_06"
"Blansko",13,118,14,82,0,26,7,5,2,3,2,6,278,16726,"žena","správní obvod obce s rozšířenou působností","2025_06"
"Boskovice",15,130,11,96,1,34,10,8,2,2,1,14,324,15557,"žena","správní obvod obce s rozšířenou působností","2025_06"
"Brno",103,777,72,736,18,239,55,40,10,16,9,108,2183,110645,"žena","správní obvod obce s rozšířenou působností","2025_06"
"Břeclav",15,188,20,127,1,37,6,4,2,3,2,26,431,18394,"žena","správní obvod obce s rozšířenou působností","2025_06"
"Bučovice",4,48,3,28,2,10,1,1,2,2,0,3,104,4791,"žena","správní obvod obce s rozšířenou působností","2025_06"
"Hodonín",7,173,16,101,2,32,5,7,5,4,4,17,373,18340,"žena","správní obvod obce s rozšířenou působností","2025_06"
"Hustopeče",4,93,12,62,2,16,3,3,0,5,0,12,212,11127,"žena","správní obvod obce s rozšířenou působností","2025_06"
"Ivančice",3,41,6,33,0,15,3,2,0,2,2,4,111,7464,"žena","správní obvod obce s rozšířenou působností","2025_06"
"Kuřim",9,59,5,56,3,11,3,4,0,1,0,5,156,7060,"žena","správní obvod obce s rozšířenou působností","2025_06"
"Kyjov",6,114,9,99,4,37,8,3,1,1,1,12,295,16891,"žena","správní obvod obce s rozšířenou působností","2025_06"
"Mikulov",5,78,9,48,1,13,4,2,0,3,1,5,169,6076,"žena","správní obvod obce s rozšířenou působností","2025_06"
"Moravský Krumlov",4,46,8,31,0,14,4,2,0,0,1,6,116,6996,"žena","správní obvod obce s rozšířenou působností","2025_06"
"Pohořelice",5,47,8,43,1,11,2,4,0,1,1,5,128,4414,"žena","správní obvod obce s rozšířenou působností","2025_06"
"Rosice",3,70,6,55,2,18,8,3,0,1,1,9,176,8085,"žena","správní obvod obce s rozšířenou působností","2025_06"
"Slavkov u Brna",6,49,4,48,1,18,4,1,1,1,0,3,136,7428,"žena","správní obvod obce s rozšířenou působností","2025_06"
"Šlapanice",19,167,17,185,5,48,5,9,2,4,0,10,471,21723,"žena","správní obvod obce s rozšířenou působností","2025_06"
"Tišnov",4,75,12,60,1,13,5,3,0,0,1,8,182,9848,"žena","správní obvod obce s rozšířenou působností","2025_06"
"Veselí nad Moravou",2,111,8,51,2,32,4,4,0,1,1,12,228,11543,"žena","správní obvod obce s rozšířenou působností","2025_06"
"Vyškov",9,215,9,105,2,31,9,8,4,0,1,8,401,15662,"žena","správní obvod obce s rozšířenou působností","2025_06"
"Znojmo",13,279,29,156,1,55,18,7,1,1,6,31,597,28534,"žena","správní obvod obce s rozšířenou působností","2025_06"
"Židlochovice",16,58,6,79,2,16,5,0,2,0,0,11,195,9688,"žena","správní obvod obce s rozšířenou působností","2025_06"
"Jihomoravský kraj",265,2936,284,2281,51,726,169,120,34,51,34,315,7266,356992,"žena","kraj","2025_06"
"Aš",2,50,1,29,0,9,6,2,0,0,0,7,106,4612,"žena","správní obvod obce s rozšířenou působností","2025_06"
"Cheb",14,188,17,94,2,36,17,6,0,4,1,25,404,14316,"žena","správní obvod obce s rozšířenou působností","2025_06"
"Karlovy Vary",26,277,32,239,4,74,12,13,2,4,1,44,728,25349,"žena","správní obvod obce s rozšířenou působností","2025_06"
"Kraslice",2,58,4,30,0,5,1,1,0,1,0,4,106,3396,"žena","správní obvod obce s rozšířenou působností","2025_06"
"Mariánské Lázně",5,75,9,47,2,23,3,2,0,2,1,12,181,7340,"žena","správní obvod obce s rozšířenou působností","2025_06"
"Ostrov",9,105,18,68,2,19,4,4,1,1,3,15,249,7848,"žena","správní obvod obce s rozšířenou působností","2025_06"
"Sokolov",12,271,22,209,6,48,11,10,0,6,2,56,653,20677,"žena","správní obvod obce s rozšířenou působností","2025_06"
"Karlovarský kraj",70,1024,103,716,16,214,54,38,3,18,8,163,2427,83538,"žena","kraj","2025_06"
"Bystřice nad Pernštejnem",2,50,6,20,0,10,3,1,1,0,0,3,96,6156,"žena","správní obvod obce s rozšířenou působností","2025_06"
"Havlíčkův Brod",22,200,6,110,7,25,4,4,1,3,0,13,395,16494,"žena","správní obvod obce s rozšířenou působností","2025_06"
"Humpolec",3,62,6,60,2,12,2,1,2,1,1,3,155,5673,"žena","správní obvod obce s rozšířenou působností","2025_06"
"Chotěboř",8,79,3,30,1,12,6,3,1,0,0,7,150,6715,"žena","správní obvod obce s rozšířenou působností","2025_06"
"Jihlava",13,262,18,150,5,52,13,7,2,6,1,16,545,29589,"žena","správní obvod obce s rozšířenou působností","2025_06"
"Moravské Budějovice",5,70,3,46,1,11,4,2,0,2,0,5,149,7347,"žena","správní obvod obce s rozšířenou působností","2025_06"
"Náměšť nad Oslavou",2,22,5,18,1,2,1,1,0,0,0,7,59,4424,"žena","správní obvod obce s rozšířenou působností","2025_06"
"Nové Město na Moravě",1,53,0,25,0,11,0,0,0,2,0,1,93,6049,"žena","správní obvod obce s rozšířenou působností","2025_06"
"Pacov",0,19,3,16,0,4,0,1,0,1,1,1,46,2870,"žena","správní obvod obce s rozšířenou působností","2025_06"
"Pelhřimov",11,144,16,80,5,39,2,8,3,0,1,12,321,14123,"žena","správní obvod obce s rozšířenou působností","2025_06"
"Světlá nad Sázavou",1,111,6,33,2,6,2,0,1,1,1,3,167,6078,"žena","správní obvod obce s rozšířenou působností","2025_06"
"Telč",2,29,1,12,1,5,2,0,0,0,0,5,57,4106,"žena","správní obvod obce s rozšířenou působností","2025_06"
"Třebíč",13,235,21,157,5,51,9,8,3,4,1,21,528,23667,"žena","správní obvod obce s rozšířenou působností","2025_06"
"Velké Meziříčí",11,133,8,92,2,22,4,2,1,2,0,9,286,11803,"žena","správní obvod obce s rozšířenou působností","2025_06"
"Žďár nad Sázavou",9,144,4,47,2,19,4,2,2,0,1,4,238,13065,"žena","správní obvod obce s rozšířenou působností","2025_06"
"Kraj Vysočina",103,1613,106,896,34,281,56,40,17,22,7,110,3285,158159,"žena","kraj","2025_06"
"Broumov",1,101,6,45,0,14,4,2,0,0,0,6,179,4286,"žena","správní obvod obce s rozšířenou působností","2025_06"
"Dobruška",4,67,3,30,1,9,0,0,0,2,0,4,120,6577,"žena","správní obvod obce s rozšířenou působností","2025_06"
"Dvůr Králové nad Labem",7,117,10,84,3,22,3,4,0,2,1,13,266,8691,"žena","správní obvod obce s rozšířenou působností","2025_06"
"Hořice",4,64,3,43,1,19,3,3,0,0,1,5,146,5908,"žena","správní obvod obce s rozšířenou působností","2025_06"
"Hradec Králové",30,621,56,381,17,110,29,26,4,13,3,49,1339,47859,"žena","správní obvod obce s rozšířenou působností","2025_06"
"Jaroměř",7,68,7,59,1,17,2,4,0,1,0,4,170,5788,"žena","správní obvod obce s rozšířenou působností","2025_06"
"Jičín",14,156,12,172,4,40,8,3,2,3,1,10,425,15416,"žena","správní obvod obce s rozšířenou působností","2025_06"
"Kostelec nad Orlicí",4,73,14,56,1,14,2,0,1,0,0,11,176,7851,"žena","správní obvod obce s rozšířenou působností","2025_06"
"Náchod",16,217,15,148,9,34,9,5,1,2,2,27,485,18961,"žena","správní obvod obce s rozšířenou působností","2025_06"
"Nová Paka",2,43,1,39,2,4,1,1,1,0,0,1,95,4168,"žena","správní obvod obce s rozšířenou působností","2025_06"
"Nové Město nad Metují",0,28,9,21,0,10,1,0,0,0,0,0,69,4631,"žena","správní obvod obce s rozšířenou působností","2025_06"
"Nový Bydžov",2,68,8,47,2,14,5,4,0,1,1,9,161,5686,"žena","správní obvod obce s rozšířenou působností","2025_06"
"Rychnov nad Kněžnou",4,58,6,66,1,13,4,1,0,2,0,13,168,10788,"žena","správní obvod obce s rozšířenou působností","2025_06"
"Trutnov",13,312,22,208,11,57,10,9,2,5,1,29,679,19026,"žena","správní obvod obce s rozšířenou působností","2025_06"
"Vrchlabí",6,143,14,91,3,30,8,9,1,0,2,15,322,8372,"žena","správní obvod obce s rozšířenou působností","2025_06"
"Královéhradecký kraj",114,2136,186,1490,56,407,89,71,12,31,12,196,4800,174008,"žena","kraj","2025_06"
"Česká Lípa",25,237,30,143,8,65,11,10,2,6,3,41,581,20711,"žena","správní obvod obce s rozšířenou působností","2025_06"
"Frýdlant",4,47,9,37,2,13,3,1,0,3,2,14,135,6413,"žena","správní obvod obce s rozšířenou působností","2025_06"
"Jablonec nad Nisou",19,201,10,118,4,48,15,11,1,1,4,25,457,17103,"žena","správní obvod obce s rozšířenou působností","2025_06"
"Jilemnice",7,74,9,53,1,14,1,4,1,2,0,10,176,6944,"žena","správní obvod obce s rozšířenou působností","2025_06"
"Liberec",33,305,37,296,11,67,15,13,3,4,6,60,850,42265,"žena","správní obvod obce s rozšířenou působností","2025_06"
"Nový Bor",6,94,7,64,3,30,5,3,2,1,0,19,234,7657,"žena","správní obvod obce s rozšířenou působností","2025_06"
"Semily",2,79,10,45,3,13,2,4,0,1,2,12,173,7891,"žena","správní obvod obce s rozšířenou působností","2025_06"
"Tanvald",9,66,5,51,0,18,5,3,0,2,0,10,169,5571,"žena","správní obvod obce s rozšířenou působností","2025_06"
"Turnov",4,61,11,79,0,17,3,2,0,3,0,10,190,11002,"žena","správní obvod obce s rozšířenou působností","2025_06"
"Železný Brod",3,46,5,26,1,12,1,1,0,0,1,5,101,3793,"žena","správní obvod obce s rozšířenou působností","2025_06"
"Liberecký kraj",112,1210,133,912,33,297,61,52,9,23,18,206,3066,129350,"žena","kraj","2025_06"
"Bílovec",9,85,11,91,3,23,7,13,2,1,1,6,252,7634,"žena","správní obvod obce s rozšířenou působností","2025_06"
"Bohumín",10,118,12,147,1,36,3,13,0,3,2,14,359,9218,"žena","správní obvod obce s rozšířenou působností","2025_06"
"Bruntál",11,110,5,91,3,22,8,8,0,4,3,12,277,9261,"žena","správní obvod obce s rozšířenou působností","2025_06"
"Český Těšín",9,73,5,123,0,23,6,6,0,7,0,6,258,7130,"žena","správní obvod obce s rozšířenou působností","2025_06"
"Frenštát pod Radhoštěm",6,72,5,52,4,15,3,7,0,0,0,5,169,5847,"žena","správní obvod obce s rozšířenou působností","2025_06"
"Frýdek-Místek",44,322,39,518,18,101,23,44,5,10,9,32,1165,34420,"žena","správní obvod obce s rozšířenou působností","2025_06"
"Frýdlant nad Ostravicí",11,90,19,134,3,32,5,4,2,1,0,10,311,8245,"žena","správní obvod obce s rozšířenou působností","2025_06"
"Havířov",32,207,21,267,9,80,14,28,3,10,1,34,706,22576,"žena","správní obvod obce s rozšířenou působností","2025_06"
"Hlučín",12,164,15,165,4,47,7,16,2,3,2,10,447,12069,"žena","správní obvod obce s rozšířenou působností","2025_06"
"Jablunkov",5,40,10,79,0,11,4,1,1,2,0,2,155,6713,"žena","správní obvod obce s rozšířenou působností","2025_06"
"Karviná",26,155,20,215,7,42,12,14,4,10,1,26,532,15145,"žena","správní obvod obce s rozšířenou působností","2025_06"
"Kopřivnice",16,131,18,139,5,23,3,12,0,3,2,8,360,11910,"žena","správní obvod obce s rozšířenou působností","2025_06"
"Kravaře",9,85,4,87,2,18,6,2,1,1,0,3,218,6444,"žena","správní obvod obce s rozšířenou působností","2025_06"
"Krnov",11,167,15,118,10,34,7,6,3,4,0,9,384,10535,"žena","správní obvod obce s rozšířenou působností","2025_06"
"Nový Jičín",19,158,23,185,3,35,9,14,1,5,0,14,466,14584,"žena","správní obvod obce s rozšířenou působností","2025_06"
"Odry",7,54,7,58,3,10,3,4,2,2,0,3,153,4783,"žena","správní obvod obce s rozšířenou působností","2025_06"
"Opava",34,536,37,380,6,84,12,25,2,8,3,14,1141,30639,"žena","správní obvod obce s rozšířenou působností","2025_06"
"Orlová",15,118,16,156,8,39,8,14,1,4,2,20,401,9594,"žena","správní obvod obce s rozšířenou působností","2025_06"
"Ostrava",112,1125,107,1169,35,281,53,95,10,34,16,105,3142,84481,"žena","správní obvod obce s rozšířenou působností","2025_06"
"Rýmařov",5,40,5,41,1,6,4,1,1,0,0,3,107,3861,"žena","správní obvod obce s rozšířenou působností","2025_06"
"Třinec",13,154,29,240,3,28,12,14,2,7,2,19,523,16169,"žena","správní obvod obce s rozšířenou působností","2025_06"
"Vítkov",0,31,7,30,1,11,2,2,1,0,1,4,90,3486,"žena","správní obvod obce s rozšířenou působností","2025_06"
"Moravskoslezský kraj",416,4035,430,4485,129,1001,211,343,43,119,45,359,11616,334744,"žena","kraj","2025_06"
"Hranice",7,117,7,79,7,25,4,5,0,1,0,9,261,10338,"žena","správní obvod obce s rozšířenou působností","2025_06"
"Jeseník",5,176,28,102,2,32,5,5,4,4,1,17,381,10127,"žena","správní obvod obce s rozšířenou působností","2025_06"
"Konice",0,35,1,19,0,8,2,1,0,0,1,0,67,3482,"žena","správní obvod obce s rozšířenou působností","2025_06"
"Lipník nad Bečvou",3,66,6,34,1,11,3,1,1,1,1,7,135,4630,"žena","správní obvod obce s rozšířenou působností","2025_06"
"Litovel",1,54,3,52,1,18,4,1,0,0,2,3,139,7016,"žena","správní obvod obce s rozšířenou působností","2025_06"
"Mohelnice",1,31,15,29,1,11,5,0,0,0,1,5,99,5420,"žena","správní obvod obce s rozšířenou působností","2025_06"
"Olomouc",55,419,66,386,10,116,20,22,6,12,4,45,1161,50535,"žena","správní obvod obce s rozšířenou působností","2025_06"
"Prostějov",29,418,33,225,8,59,21,13,7,3,4,43,863,29535,"žena","správní obvod obce s rozšířenou působností","2025_06"
"Přerov",8,242,27,123,3,51,9,5,1,7,2,16,494,22412,"žena","správní obvod obce s rozšířenou působností","2025_06"
"Šternberk",1,54,11,51,2,9,5,2,1,1,1,13,151,6739,"žena","správní obvod obce s rozšířenou působností","2025_06"
"Šumperk",13,356,24,126,2,54,13,7,2,2,5,24,628,19685,"žena","správní obvod obce s rozšířenou působností","2025_06"
"Uničov",4,51,11,40,0,9,5,3,0,0,1,11,135,6404,"žena","správní obvod obce s rozšířenou působností","2025_06"
"Zábřeh",7,96,9,63,3,19,3,5,0,0,0,6,211,9530,"žena","správní obvod obce s rozšířenou působností","2025_06"
"Olomoucký kraj",134,2115,241,1329,40,422,99,70,22,31,23,199,4725,185853,"žena","kraj","2025_06"
"Česká Třebová",4,36,6,39,2,7,5,3,3,0,0,4,109,5139,"žena","správní obvod obce s rozšířenou působností","2025_06"
"Hlinsko",3,79,7,61,0,20,4,1,0,1,0,4,180,6338,"žena","správní obvod obce s rozšířenou působností","2025_06"
"Holice",6,122,3,82,2,17,2,9,2,5,0,5,255,5883,"žena","správní obvod obce s rozšířenou působností","2025_06"
"Chrudim",30,357,31,270,13,85,11,13,5,3,5,26,849,26841,"žena","správní obvod obce s rozšířenou působností","2025_06"
"Králíky",3,32,4,29,0,11,1,2,1,0,0,2,85,2384,"žena","správní obvod obce s rozšířenou působností","2025_06"
"Lanškroun",5,55,3,46,3,10,8,1,0,1,2,10,144,6924,"žena","správní obvod obce s rozšířenou působností","2025_06"
"Litomyšl",4,79,4,59,2,16,3,5,0,2,1,8,183,8546,"žena","správní obvod obce s rozšířenou působností","2025_06"
"Moravská Třebová",3,71,10,49,2,27,5,3,0,0,0,6,176,7097,"žena","správní obvod obce s rozšířenou působností","2025_06"
"Pardubice",35,599,35,386,12,101,9,33,3,7,3,38,1261,41120,"žena","správní obvod obce s rozšířenou působností","2025_06"
"Polička",4,46,5,28,1,9,4,0,0,1,0,7,105,5882,"žena","správní obvod obce s rozšířenou působností","2025_06"
"Přelouč",6,97,7,75,3,23,1,4,0,0,3,5,224,8019,"žena","správní obvod obce s rozšířenou působností","2025_06"
"Svitavy",4,92,9,58,0,15,2,3,1,1,0,7,192,8644,"žena","správní obvod obce s rozšířenou působností","2025_06"
"Ústí nad Orlicí",10,49,10,72,2,22,6,4,2,1,0,1,179,8175,"žena","správní obvod obce s rozšířenou působností","2025_06"
"Vysoké Mýto",13,121,14,86,3,23,2,8,0,2,2,11,285,10013,"žena","správní obvod obce s rozšířenou působností","2025_06"
"Žamberk",9,99,7,87,2,18,7,4,1,2,0,2,238,9164,"žena","správní obvod obce s rozšířenou působností","2025_06"
"Pardubický kraj",139,1934,155,1427,47,404,70,93,18,26,16,136,4465,160169,"žena","kraj","2025_06"
"Blovice",3,57,6,24,1,8,2,1,1,2,1,3,109,3996,"žena","správní obvod obce s rozšířenou působností","2025_06"
"Domažlice",9,85,20,90,1,31,12,5,1,2,1,14,271,13062,"žena","správní obvod obce s rozšířenou působností","2025_06"
"Horažďovice",2,31,4,19,0,6,1,0,2,0,0,2,67,3657,"žena","správní obvod obce s rozšířenou působností","2025_06"
"Horšovský Týn",4,36,8,41,1,12,3,2,1,0,0,8,116,4600,"žena","správní obvod obce s rozšířenou působností","2025_06"
"Klatovy",10,170,19,85,6,37,9,3,1,2,3,19,364,16762,"žena","správní obvod obce s rozšířenou působností","2025_06"
"Kralovice",10,99,7,50,2,22,3,2,1,0,1,7,204,7587,"žena","správní obvod obce s rozšířenou působností","2025_06"
"Nepomuk",5,43,5,24,0,6,3,1,0,0,0,7,94,3632,"žena","správní obvod obce s rozšířenou působností","2025_06"
"Nýřany",13,352,15,178,5,52,8,12,1,2,5,20,663,19127,"žena","správní obvod obce s rozšířenou působností","2025_06"
"Plzeň",34,833,52,400,9,130,27,31,2,7,5,65,1595,58242,"žena","správní obvod obce s rozšířenou působností","2025_06"
"Přeštice",4,83,12,70,3,12,3,3,0,3,0,11,204,7668,"žena","správní obvod obce s rozšířenou působností","2025_06"
"Rokycany",8,309,15,162,5,39,10,9,1,8,1,13,580,15681,"žena","správní obvod obce s rozšířenou působností","2025_06"
"Stod",2,85,8,59,3,14,7,1,0,0,0,11,190,7077,"žena","správní obvod obce s rozšířenou působností","2025_06"
"Stříbro",5,69,7,49,1,16,3,1,0,3,2,13,169,5337,"žena","správní obvod obce s rozšířenou působností","2025_06"
"Sušice",3,93,4,53,1,20,5,2,0,4,0,6,191,7622,"žena","správní obvod obce s rozšířenou působností","2025_06"
"Tachov",10,128,14,151,7,33,8,6,4,1,1,18,381,10611,"žena","správní obvod obce s rozšířenou působností","2025_06"
"Plzeňský kraj",122,2473,196,1455,45,438,104,79,15,34,20,217,5198,184661,"žena","kraj","2025_06"
"Benešov",8,115,12,141,4,39,6,4,1,5,0,15,350,19688,"žena","správní obvod obce s rozšířenou působností","2025_06"
"Beroun",20,379,22,190,4,70,8,10,0,5,0,29,737,21575,"žena","správní obvod obce s rozšířenou působností","2025_06"
"Brandýs nad Labem-Stará Boleslav",26,452,34,319,4,101,20,21,5,5,5,30,1022,37527,"žena","správní obvod obce s rozšířenou působností","2025_06"
"Čáslav",10,121,9,61,3,13,5,3,0,3,1,12,241,8139,"žena","správní obvod obce s rozšířenou působností","2025_06"
"Černošice",51,587,46,462,14,128,21,19,4,5,5,33,1375,51140,"žena","správní obvod obce s rozšířenou působností","2025_06"
"Český Brod",4,49,11,37,1,18,3,2,0,2,2,15,144,6392,"žena","správní obvod obce s rozšířenou působností","2025_06"
"Dobříš",3,51,7,43,1,17,1,3,0,2,3,8,139,7765,"žena","správní obvod obce s rozšířenou působností","2025_06"
"Hořovice",9,191,9,81,1,27,3,10,2,1,1,13,348,9746,"žena","správní obvod obce s rozšířenou působností","2025_06"
"Kladno",25,335,37,231,7,80,12,11,3,7,0,64,812,37465,"žena","správní obvod obce s rozšířenou působností","2025_06"
"Kolín",15,272,14,161,8,48,9,5,2,3,2,47,586,25559,"žena","správní obvod obce s rozšířenou působností","2025_06"
"Kralupy nad Vltavou",6,131,9,88,2,24,5,4,1,4,3,20,297,9763,"žena","správní obvod obce s rozšířenou působností","2025_06"
"Kutná Hora",11,174,14,121,5,37,6,6,2,2,0,21,399,15931,"žena","správní obvod obce s rozšířenou působností","2025_06"
"Lysá nad Labem",6,146,17,82,4,23,4,5,2,3,0,11,303,8839,"žena","správní obvod obce s rozšířenou působností","2025_06"
"Mělník",9,139,8,110,0,30,12,8,1,2,0,23,342,14239,"žena","správní obvod obce s rozšířenou působností","2025_06"
"Mladá Boleslav",18,312,37,258,8,89,14,8,0,4,3,43,794,33889,"žena","správní obvod obce s rozšířenou působností","2025_06"
"Mnichovo Hradiště",4,50,9,41,1,11,1,0,0,2,0,11,130,5944,"žena","správní obvod obce s rozšířenou působností","2025_06"
"Neratovice",9,169,9,92,1,13,6,8,0,4,2,13,326,9633,"žena","správní obvod obce s rozšířenou působností","2025_06"
"Nymburk",8,101,5,88,2,27,9,0,1,1,2,17,261,12883,"žena","správní obvod obce s rozšířenou působností","2025_06"
"Poděbrady",9,123,9,86,3,30,9,3,1,1,0,15,289,10482,"žena","správní obvod obce s rozšířenou působností","2025_06"
"Příbram",7,149,28,177,2,58,4,10,2,1,3,18,459,22480,"žena","správní obvod obce s rozšířenou působností","2025_06"
"Rakovník",12,172,25,95,3,32,16,2,2,3,0,22,384,16915,"žena","správní obvod obce s rozšířenou působností","2025_06"
"Říčany",21,281,15,220,5,44,9,13,1,4,2,24,639,25307,"žena","správní obvod obce s rozšířenou působností","2025_06"
"Sedlčany",1,39,9,52,1,11,2,1,1,1,0,8,126,7397,"žena","správní obvod obce s rozšířenou působností","2025_06"
"Slaný",8,91,15,85,1,23,10,9,0,1,0,22,265,12526,"žena","správní obvod obce s rozšířenou působností","2025_06"
"Vlašim",6,55,5,43,1,25,1,3,0,1,0,6,146,8113,"žena","správní obvod obce s rozšířenou působností","2025_06"
"Votice",0,19,4,27,0,5,1,1,0,0,0,10,67,4027,"žena","správní obvod obce s rozšířenou působností","2025_06"
"Středočeský kraj",306,4703,419,3391,86,1023,197,169,31,72,34,550,10981,443364,"žena","kraj","2025_06"
"Bílina",4,87,3,39,1,13,4,5,0,3,2,9,170,5025,"žena","správní obvod obce s rozšířenou působností","2025_06"
"Děčín",23,228,31,138,5,71,16,2,3,7,2,40,566,20472,"žena","správní obvod obce s rozšířenou působností","2025_06"
"Chomutov",26,359,22,271,8,71,17,15,6,7,3,36,841,21425,"žena","správní obvod obce s rozšířenou působností","2025_06"
"Kadaň",7,139,4,88,3,30,3,4,0,2,1,10,291,11183,"žena","správní obvod obce s rozšířenou působností","2025_06"
"Litoměřice",6,207,34,148,1,40,14,7,3,2,0,22,484,17539,"žena","správní obvod obce s rozšířenou působností","2025_06"
"Litvínov",12,221,14,120,5,28,12,6,5,2,2,10,437,9624,"žena","správní obvod obce s rozšířenou působností","2025_06"
"Louny",11,220,16,120,5,43,9,4,3,9,0,19,459,12999,"žena","správní obvod obce s rozšířenou působností","2025_06"
"Lovosice",4,81,8,58,2,8,1,4,1,0,0,13,180,8192,"žena","správní obvod obce s rozšířenou působností","2025_06"
"Most",20,218,23,198,6,46,10,13,2,6,3,36,581,18573,"žena","správní obvod obce s rozšířenou působností","2025_06"
"Podbořany",7,70,3,33,0,13,4,0,1,1,1,11,144,4216,"žena","správní obvod obce s rozšířenou působností","2025_06"
"Roudnice nad Labem",4,107,8,76,3,21,4,5,0,4,2,19,253,10333,"žena","správní obvod obce s rozšířenou působností","2025_06"
"Rumburk",2,93,8,86,1,15,11,4,3,0,3,27,253,8280,"žena","správní obvod obce s rozšířenou působností","2025_06"
"Teplice",31,573,54,278,13,72,18,18,5,7,3,51,1123,30545,"žena","správní obvod obce s rozšířenou působností","2025_06"
"Ústí nad Labem",18,348,31,203,4,79,23,3,3,9,5,52,778,31072,"žena","správní obvod obce s rozšířenou působností","2025_06"
"Varnsdorf",1,33,11,45,1,16,5,1,0,0,0,11,124,5307,"žena","správní obvod obce s rozšířenou působností","2025_06"
"Žatec",4,115,11,96,3,27,2,8,4,2,0,13,285,7790,"žena","správní obvod obce s rozšířenou působností","2025_06"
"Ústecký kraj",180,3099,281,1997,61,593,153,99,39,61,27,379,6969,222575,"žena","kraj","2025_06"
"Bystřice pod Hostýnem",4,35,7,27,2,5,1,2,1,1,0,2,87,4623,"žena","správní obvod obce s rozšířenou působností","2025_06"
"Holešov",7,67,7,67,1,10,4,2,0,2,0,6,173,6628,"žena","správní obvod obce s rozšířenou působností","2025_06"
"Kroměříž",19,375,31,151,5,53,18,5,6,6,1,18,688,20152,"žena","správní obvod obce s rozšířenou působností","2025_06"
"Luhačovice",3,39,4,42,0,11,4,1,0,0,0,4,108,5703,"žena","správní obvod obce s rozšířenou působností","2025_06"
"Otrokovice",9,119,11,101,3,42,9,3,1,3,2,8,311,10007,"žena","správní obvod obce s rozšířenou působností","2025_06"
"Rožnov pod Radhoštěm",2,112,12,94,2,23,12,2,0,1,0,8,268,10651,"žena","správní obvod obce s rozšířenou působností","2025_06"
"Uherské Hradiště",32,303,29,204,5,85,12,10,7,3,4,21,715,27581,"žena","správní obvod obce s rozšířenou působností","2025_06"
"Uherský Brod",13,140,16,116,3,30,11,6,0,1,0,14,350,15357,"žena","správní obvod obce s rozšířenou působností","2025_06"
"Valašské Klobouky",6,51,5,47,1,9,2,4,0,0,0,1,126,6628,"žena","správní obvod obce s rozšířenou působností","2025_06"
"Valašské Meziříčí",12,87,18,94,1,32,4,7,0,6,0,13,274,12913,"žena","správní obvod obce s rozšířenou působností","2025_06"
"Vizovice",3,60,4,57,1,9,3,0,0,3,0,5,145,5562,"žena","správní obvod obce s rozšířenou působností","2025_06"
"Vsetín",11,220,16,152,6,42,11,4,4,0,1,21,488,18659,"žena","správní obvod obce s rozšířenou působností","2025_06"
"Zlín",20,298,28,219,5,66,21,19,1,2,1,20,700,31960,"žena","správní obvod obce s rozšířenou působností","2025_06"
"Zlínský kraj",141,1906,188,1371,35,417,112,65,20,28,9,141,4433,176424,"žena","kraj","2025_06"
"ČR",2559,34148,3190,25716,764,7458,1640,1457,311,594,302,3547,81686,3233538,"žena","stát","2025_06"
